cookie_id,score
ck_315fb710a0e371e7,0.018430164901356953
ck_a76ee3b3e3e522fd,0.7249128590167824
ck_94c9a4d382689e82,0.4949183673705765
ck_8eaf9509ad9462a0,0.07902568231248318
ck_9a88a5a989cb5bc6,0.8628539624798551
ck_15239ef0689c1a35,0.7524681623788643
ck_8de69cd219d3b87f,0.9579509377372454
ck_f92cd37022b0ce21,0.22100447878742818
ck_1a3ff7620580a514,0.11373513674533345
ck_397c03aa33a57310,0.8658374042703847
ck_a7cf6c3b322f6b7a,0.40592860259546404
ck_c39a9e75760e3201,0.023283516441541374
ck_88ab6d245228c38e,0.03521403809319015
ck_17733f75ebdea93e,0.340560667628816
ck_58eb871e8d7bed52,0.7948777654296824
ck_e55b7fa67db1ec27,0.594822992416123
ck_62f5cfe22c952694,0.6359013479463755
ck_7fbb709a0fe95759,0.14710650619115617
ck_87abe9cd066a20fb,0.638039009000894
ck_d58e058b5c553dd5,0.3547813694715516
ck_d27b872648b71202,0.013122535798967896
ck_4b4a3c5b95c55b43,0.01031028051292203
ck_66dd4f4b4127256d,0.21959645628627072
ck_93cc12703b500613,0.7631344678891611
ck_d28806a2179092eb,0.9946138906119499
ck_0595c2a0c7881e05,0.46532974991783815
ck_50087d8666191144,0.9014494204333615
ck_b08b3f089138c901,0.43175619446969415
ck_fe3b67041dad2dd1,0.2583315854260194
ck_8449a28f7d475d93,0.4849434314623125
ck_8642e3b6d84f49d3,0.7172233299359783
ck_e49b5e4f2f2e79db,0.9337629174597635
ck_437afe412ea4259c,0.7495626760124856
ck_569b83668d74042d,0.9049165414243515
ck_233a487d31c3e631,0.9902844424033073
ck_1fca72e03143a645,0.9544589546753313
ck_79205e31223df2ad,0.18255046810896125
ck_9625a64406ea16e3,0.37918948458439716
ck_079bd18dacb704a8,0.799845356541141
ck_4db6d4fd2b49aa81,0.4228025596525615
ck_0dbefdac0a1868fb,0.006099583406860872
ck_24ff97ad90bdd69a,0.45178666805606205
ck_77f8c5042065d506,0.12267342802467801
ck_f11be8ce05382cec,0.6557556472436904
ck_c9d72140b0389216,0.7950764385681665
ck_69eda24e931fb36a,0.1548420118766985
ck_ed471e496916ee15,0.3566443251960324
ck_ff090498c4b17ac3,0.36668256668921295
ck_c3c19d6a0720915c,0.29248074039105626
ck_af02e1817cfa40b5,0.7798604220010705
ck_2df5a9fc87553eb1,0.3042870027667665
ck_4ac918e884cff336,0.7692069553962012
ck_ca149244b54ef3ad,0.02492416035780546
ck_6babe5b8674ff51f,0.4878737711947835
ck_1573878386886290,0.12581730191377674
ck_3925f8565abb7fe4,0.11491677152263659
ck_c4de808ae69c771f,0.06082215598323207
ck_a777c813551281fe,0.4287444667478939
ck_df4424f6dd85080d,0.4749235867326357
ck_85e5494ec20383ae,0.5207486450315397
ck_f71a4094e889c3af,0.2063855889724415
ck_f2f3cf9cd23b2809,0.4891736145502418
ck_18e2076397bcc211,0.6850619554428241
ck_c9f9fddef39bc664,0.47357832479951734
ck_7e826e233d6ea028,0.7855348957247379
ck_62fd7eb46bee9210,0.46533941961756686
ck_206f8e3cd72768f3,0.6301640152423844
ck_aa295a11b0a6ab36,0.06300123856584963
ck_9a56739d81f84a53,0.042077714190923675
ck_aa075c418ed9fe5a,0.7791851374091936
ck_62b9fb3db284941b,0.27414748670069633
ck_f4f83b1403ebea46,0.4872773070087304
ck_16b66bd803288bc3,0.9189189007595373
ck_c4ca1434f3778f1d,0.9974235373592559
ck_1b823610371a29c0,0.05169675215881924
ck_c2bd5a722aa637d9,0.33340711781644433
ck_7890208951df34f0,0.3810616614568283
ck_020eb0e454524ecd,0.01963749693413445
ck_3b66196ccf436c35,0.5784474341899746
ck_109fc467ec0a4af5,0.7498841385636075
ck_f3dcd818db92de7b,0.7408970992652307
ck_31e7742f160980ef,0.4040832519832056
ck_77fce5f86f00b8f4,0.9039944358524812
ck_46bc797b4d07d607,0.06873134741732843
ck_37899b1b571b1c6b,0.5799562140612222
ck_ef8a6af43fedd464,0.078500452458058
ck_bcc8519fe8521038,0.8622887040943565
ck_90696b7182dd9129,0.05551962248114817
ck_4a24ad61d017e1ba,0.8082349985641744
ck_0acc3d8c67218b9d,0.05565751217480308
ck_05c97fc9de11aba6,0.8561939561462185
ck_f8ac3a0500c0ec62,0.47724930509949837
ck_617b65141f546a1c,0.17156965064140448
ck_9d00823bf60388d7,0.7485483910894095
ck_123c15d93f1840f2,0.7427060932571559
ck_573feefba6bf78bb,0.8513876502536428
ck_b25657bd16739036,0.027336152092575013
ck_bd26d2bef14a8597,0.13032023785170932
ck_a553418f2fba1440,0.2544010531290204
ck_89f3e380b0686963,0.5415149915615003
ck_b359192aa659bdce,0.277469027809236
ck_02241f3dc301bebf,0.45864033906713586
ck_5ccc1a1c78cb33ee,0.3609362130731265
ck_349cc5edda1b8853,0.803498648723548
ck_e9f228845bf6e28b,0.6789739870331497
ck_0a45d033d4e280ea,0.5704848937269926
ck_7e63168dda612235,0.549266309283459
ck_676fa5f6aae5475b,0.5695088104917384
ck_74b502b20690ccfe,0.4351954872802902
ck_073509af21dd7f5f,0.9704233745639113
ck_498a0acd450944d8,0.09263351528126217
ck_7f15b50b29dead01,0.8841372175946753
ck_8089fe7403c5f537,0.0332204593645533
ck_05b2b04e11d9ae9c,0.36116774227848003
ck_31e70f2f04b48b88,0.04375092353989432
ck_994316fa5a02b319,0.05013596643714248
ck_b76510998b9a2260,0.16909805022248692
ck_4db95c310e105d30,0.006654009145203854
ck_6f730b77dc6cdb84,0.5087702436658272
ck_2493ee8e7b91d304,0.47054254789729694
ck_92d679d6ac7dcdcb,0.7638864544420036
ck_3a0e0200cbb185cb,0.45784948905918277
ck_0b2eeb4e00ff7955,0.5276255237477623
ck_9843d0e61c37ebe8,0.9880624132710565
ck_e61c8721e3ef1921,0.05743373239568935
ck_2e0eedaaf2980c2c,0.32627422632655245
ck_9036b2e5e9298a34,0.10807684814112398
ck_3265442528d51728,0.17508579559726062
ck_f2ddae2eb1cb29b4,0.49291665900745485
ck_6cfa71d27fc27f92,0.27785636541308617
ck_f3199fbe84a28b9a,0.6684091391670877
ck_b78d785ca3ef773a,0.08480285695172723
ck_374865697f1480eb,0.5646596250783065
ck_06d0e4a9189302a9,0.7736268905400803
ck_9c9884b9bcaa552e,0.8367121588951529
ck_fd4cf578e87703ff,0.3593313723731576
ck_1917ef3e6e345549,0.8141388999279711
ck_e70418b00cbbbac9,0.8611232085500007
ck_a60388296a47062c,0.4716189327065591
ck_d598fe8d2c779ab9,0.4798286804698402
ck_646dc03de4c31803,0.970540030271184
ck_e4fd8cbd842b6993,0.32619905670102606
ck_2225b555aa2a42ed,0.5174923695895115
ck_6be8ae9d78148882,0.13907970876109224
ck_4199342d3aca74e8,0.6622456992405101
ck_779581adb573261f,0.6812472081204198
ck_bb303568b6915205,0.8866749362470941
ck_17c4296276448afe,0.21507764058799245
ck_a60a61ac829252a0,0.3995065940503343
ck_6ea70950c1cae00b,0.9487538213557616
ck_1abb93f6924645e1,0.3455660473649361
ck_faab769cce19879a,0.6159289496631941
ck_d5b8e74e7ca6355a,0.3794419916738563
ck_f11f7691af16ad07,0.05085352046541073
ck_188fdf2be7c92e9d,1.0
ck_4a103f8254b366f7,0.6576776737360787
ck_bfa17a0b1760e616,0.17465198645677463
ck_a4d7f6a5869d440a,0.9697236051383653
ck_58e20f5a3e7f11b8,0.9367823732393097
ck_4becdd3d2696c7ba,0.16615904362184764
ck_dad5cf32ab9f243f,0.18994819694812684
ck_7d9f73dc7c4f90c3,0.823930541811531
ck_c19371047a2d011d,0.0332073153731225
ck_247589ff532f7aa8,0.480804128337312
ck_7a9f241d5f082567,0.07568533107649983
ck_0a2b7078736b4dda,0.6421012394779323
ck_687b412e2aac7eb6,0.6850714603358521
ck_fce0b6855886a0b8,0.1045588523626761
ck_e291cc60920456d0,0.871011185226743
ck_04219a7ea798db51,0.7414320004198943
ck_286bfd719836e9f3,0.765154667521918
ck_55efc92394fee232,0.08073392367442395
ck_e36c8da1bd359960,0.8243816344035608
ck_34b0988a97d96902,0.13830472390857373
ck_e0fb11fc9dcb34e6,0.12595112782863363
ck_bcc9cbc9ed8b7c31,0.4790192156414344
ck_3df8da6f60a89a5b,0.5577769578659397
ck_b1495ee5c59a6b28,0.2574307692708613
ck_58f4c3ac61fda129,0.6931196703893634
ck_735f244b99e3aa8d,0.4562308411188173
ck_6b93bd8abf87b1d6,0.9627269348334975
ck_12107dacc6d05bd1,0.014751396020478086
ck_f96db2a1f3448d1f,0.6050107632936887
ck_8fd91a3c99e19097,0.9161389346190372
ck_910205d25388a0ae,0.037701208820583004
ck_d229dfa0e4442628,0.007195488071507465
ck_7cdec61e1c488798,0.8458635205929188
ck_f66f06e24ff32671,0.49217332047606477
ck_350bf14e90b503f5,0.5164903182256411
ck_61fff5fdaadd394b,0.22621665010841152
ck_e934f984bad2ff91,0.9771936263780405
ck_ff6a6d3547dd2d37,0.5328272510349639
ck_65ad9b15979e3247,0.4392297330929703
ck_bbe1a2ea5a403ad8,0.8948722325205454
ck_6f3a28eecd2c4031,0.4610426753008038
ck_a89b66665714058f,0.2692131871122207
ck_918c92182b6817cd,0.34341060336573226
ck_64f5eb4be9e7b8fa,0.8608953207288765
ck_d021fd497ea35fb2,0.37330271430880896
ck_004de16f7d8a42ae,0.2843686756956313
ck_a33d2325f86ab12d,0.30430213409661355
ck_89790ff26c844bc6,0.7249971369171522
ck_e6e7257377c37b28,0.6592677262905687
ck_a2cc3910a641a808,0.9235566829303812
ck_646e270e0195bf05,0.019186124344065504
ck_baba5d66def0d770,0.8249249513053548
ck_67cdcdda3033842d,0.8169409252193605
ck_b5c3075c811a2216,0.4727606971785382
ck_515379973a8044b8,0.42413282498598986
ck_c0ce85fb4109567d,0.4301778990215105
ck_fef850553862aaca,0.33662880911660786
ck_55d7217b0aff9fa2,0.32852090075688545
ck_8e139f8925ef7968,0.17069250962143537
ck_9e35b908fca1e4d7,0.020804655205814104
ck_59735f4ab2ad3da5,0.14379880442480752
ck_dc569c1167ccec0d,0.951081010451196
ck_1dade5592f90a15c,0.6031089280216999
ck_793048d11fb8b328,0.8790697598168851
ck_545b71eb4fa594b5,0.06547005091084099
ck_bd30853e9a57b544,0.26666665067356693
ck_59f46321ecf6d306,0.1259826809201939
ck_260cfe9141d249f1,0.8824079985684095
ck_3365a0ad1a8aa83c,0.10630472361425586
ck_b0ef193195a2138b,0.17956441766226344
ck_0f909705e2e60f2f,0.16005753572018744
ck_5a540b75c866166a,0.6517922178995341
ck_87c26b2f41025109,0.9795301395358978
ck_27acc9f320cda104,0.876899650939071
ck_a27bc31eecd9cb9a,0.2197566566881498
ck_115d86fabde77b65,0.00625709613471242
ck_eeca179341d56f8a,0.9290047091110123
ck_8e5999c436cf037e,0.07801264685885534
ck_510e7c5df1f95d90,0.9954335464421
ck_f1acf73363925958,0.44968109158749525
ck_3c177f5970b68bd3,0.1529711204712131
ck_9cdfaa1c30cc9d32,0.2022676596909221
ck_c8efa1538b37c359,0.607201701593532
ck_a8a2e296f9804bd7,0.6100216892836215
ck_91a0ca45f429568d,0.7185326906454675
ck_5fdf8a0bdbd3ed62,0.5239700468160957
ck_0f4e2ec66d50da5f,0.4755734211086883
ck_28c53b214b2ee882,0.8734310228467965
ck_003148504557f720,0.7650850791318091
ck_01d840cffb870615,0.9015634397151164
ck_555848d51f4b5f35,0.30526633810811976
ck_df20cc23b8fb8e22,0.21950414428273884
ck_f9604adde929beff,0.17762689291863665
ck_d66952b03591bdec,0.42321886315891755
ck_ddcac1ab765ff61a,0.2208522920980608
ck_347386629d96c664,0.20685959946194693
ck_ab01db9117acfe3d,0.5861472496676645
ck_58e5359efc52e0ad,0.3446680668589242
ck_1a524b5cc8da71b3,0.6837198586801319
ck_e9287b6d909d731f,0.027750125955355247
ck_bb41a66e3d90263b,0.8212930482001093
ck_e95c8cc1864bd584,0.7599546420858514
ck_7a3f2961e9a8b6dc,0.6527520159477989
ck_378a9df82b1e0bee,0.8828680906401606
ck_42633573639a3f02,0.995901485148013
ck_2a5a4c18c2c7274b,0.33258864183486675
ck_77549c1a41f837c3,0.43504240068421796
ck_a26704b5b26258b7,0.16311867396675137
ck_9874ad160efddf50,0.3125283992366631
ck_9111e3a04b14dfba,0.5654500994990144
ck_651e076ee43aea85,0.5478653061735046
ck_391639c0f13932f3,0.0155764028011119
ck_02dbabda93c8c13d,0.5403404716120345
ck_0adcb1fffcb0a34b,0.5199000268757001
ck_7a43ef9c7b1c67b5,0.0589397672506526
ck_4b9dd69946438d0b,0.5486568563761041
ck_90bf017cdd37b66e,0.8309020638384501
ck_61c74163eb36556e,0.18428197747496922
ck_13376c59b5bd6943,0.08357837412113048
ck_62337eccb1672737,0.4125787519109373
ck_16077934338472bf,0.0050013068968106575
ck_0d4dfd93086e7330,0.3189174757233912
ck_3865b7525b910893,0.3135703074211866
ck_7e2ae8b69ebd5675,0.13842960752435993
ck_b4384b6c11766ce7,0.26831348096682306
ck_3d7fa32dfb9fc692,0.7485743219811959
ck_f4a6a7cadd6e0603,0.8491263552920609
ck_212525e2828a6c45,0.6046411758206361
ck_33ad8d53394ba77a,0.9545732555506008
ck_a5051eafe8b51224,0.133361539862635
ck_f65e5ff7da565f91,0.3814094674927001
ck_5c37f7563fa7591d,0.1503865685553351
ck_f1e0a006068aff29,0.6855799048667469
ck_c646cdead6fb79d0,0.07469750971482846
ck_f8b3cdffef535330,0.8963663128212618
ck_e5cdbe3aa12c97f6,0.14672260964864314
ck_986e4e61440506d0,0.8999481677563377
ck_6da9c5912e15d9a8,0.11129682095003723
ck_51d842e6dae74c71,0.011277093542977281
ck_5fc65c24e0736d5d,0.9866586563408999
ck_babb95a76c69509d,0.7940536023819456
ck_86a2d852a9715432,0.6318504776123499
ck_db4083a0d043def8,0.9035283270105936
ck_96953b8945b7d403,0.3313574160720539
ck_7831ca5c31fb3859,0.8415093450112763
ck_60ac5e5f375daa38,0.11311264203933119
ck_05d44eb1f5f085ce,0.40251982227757943
ck_432cc19c7eeaa46e,0.18818517071786026
ck_7fc513033af061af,0.8901331433977704
ck_ada6ede84c111719,0.4840930261081198
ck_6343e0d3b1c2962b,0.4552031094635034
ck_010264ae04f2e902,0.8511381324892924
ck_e9dcf535f8c289eb,0.6535382212145526
ck_37143d9cc296e6fa,0.6816941796650843
ck_61fa051192f3e810,0.698366044456568
ck_f9f93d1d41be1468,0.9252937688136724
ck_c4f4f28457be8a74,0.020118841044901453
ck_323a71f9452d21cb,0.9665744738047404
ck_170f4688e0acd875,0.8610131523737158
ck_869b1878d09d230d,0.8481670231306802
ck_2f6b33bf46976229,0.8139935423742295
ck_b11e22e75d9b99de,0.023880943468399012
ck_123d75ffb75b606d,0.2180107361162627
ck_94295287a04c85d2,0.9153292906411175
ck_1b0434f096795328,0.040191387732005306
ck_0a4e191cd0a57ce1,0.3676515302637319
ck_d2fbd0df99634676,0.7560946607814896
ck_d51df5e9fbbbcc94,0.76543535681061
ck_2d3d7d64a6f443f8,0.44282521133996194
ck_731943c682c9394e,0.45605944367161755
ck_5ccc0c94e5e1f849,0.40523083675941884
ck_c3476080516db25d,0.5770133729964522
ck_5010ffb1c94187b5,0.05788061718182307
ck_7ef666d67bc70223,0.5802376423334259
ck_c1b493527224a27a,0.1264210427395343
ck_5d1e25d7acc5af9a,0.24334853906664272
ck_ec30b61cbf517db8,0.05734076723225261
ck_79323eb5d2e5efae,0.1555772291046411
ck_4085cd3bf2661518,0.12945040166862348
ck_2ca91214c357c072,0.7407883565469604
ck_7f3132d6be389657,0.7497730657338058
ck_e7a6b925c8f39a85,0.8475879179718324
ck_c886adec7bac250a,0.6425213252760574
ck_c3f360c2d0ea0a37,0.32635182377544636
ck_a7acd5b015823793,0.27767291880446704
ck_9d64187c0800f84e,0.7399830203783744
ck_5d4ed73b9efd7d11,0.1750688753830711
ck_874eca6776b34dec,0.09466354125349843
ck_96a9221a87be93c3,0.38039484992468303
ck_68dd79a51eabf5e6,0.7777094722701329
ck_8311cb6755b2016c,0.08171260228524595
ck_16fc77b2bcf5ec03,0.9718236820192343
ck_ad9e2088a33c8c72,0.018470913166386372
ck_7176bbc97b1e42a1,0.005997539697286885
ck_80dfa54b30f65fff,0.9680903926423161
ck_31c54d540b128843,0.17467643294513344
ck_43ea894480567274,0.806674568487286
ck_9c9e8a38bd5a6c88,0.7469964848444626
ck_1c2dcae19539e148,0.41041793538989246
ck_b0fa8b84e94d8ae0,0.45135228694188
ck_4ceb43ccd0a81c2f,0.3297668884703566
ck_ba845332b730b596,0.04127930024170499
ck_73d3e8c6077f61e6,0.6188552599617756
ck_b5d0d223ef56473f,0.31693739694347317
ck_949f08f8e80e93ea,0.29019020078447516
ck_73de0b49709e5f8c,0.3037901629680907
ck_b5935e9722a39819,0.5459773453743855
ck_96247fee0eb44420,0.295753339164349
ck_a6def1e4b2d57e0d,0.576701785506444
ck_aecdc5a96321a2d8,0.40350569489785826
ck_bc61c59970f8de49,0.32986132037185945
ck_c43b4175fc9ac5bd,0.9507325417909418
ck_8ff7a9b23a55fd62,0.6455354190186526
ck_20c99b645f462449,0.1286946586932333
ck_a5ce2ae36fb410d9,0.05951580346043199
ck_96fb9bf556842bbc,0.3993563455686987
ck_b5e4c6dbbed1b773,0.08879387629583932
ck_2085433978e72ea9,0.8611225369992271
ck_2c6b174b063ec637,0.27971718691570097
ck_b20b81b88dabe28d,0.18932639626116912
ck_243c18dbf150831c,0.010435528304559164
ck_2bb6a17e8eee35cc,0.5921836302750707
ck_66147fb994495396,0.819103029116856
ck_73f124f075ede0fc,0.025990769870104975
ck_2e315f1b1e533dab,0.21678464444320272
ck_16c7bf94ed3e7a6f,0.02579081766546939
ck_4a0eae220a762ac5,0.6892288055618898
ck_dc16f939c2f44ad8,0.8316752786409368
ck_817926b449754917,0.2489389506552716
ck_0c0dde42ab64ef87,0.20982880001442308
ck_cb3a40594da6a2ee,0.48277656053652385
ck_d0dc156441fcfdcb,0.4111756305767104
ck_66f0945add423e9e,0.17849170801011016
ck_a74f6a3030f5d495,0.5156669404373707
ck_1ae460f331e49ae2,0.6921276924436074
ck_2d177b2f4f0b40c9,0.9109300912189717
ck_92e474e4368c4791,0.5691865461471759
ck_3dee83fa2d109484,0.22526599732385155
ck_80e5ea27848069fe,0.04963289074393072
ck_ed0c4a83701ca230,0.6342409473088866
ck_0b8b7c5c581fd161,0.3920259453394841
ck_60bf8a2870956fb1,0.08860361104285445
ck_73a54b56a2bf35fe,0.9362014659885912
ck_2296d7a563424883,0.0653688990662116
ck_bc19c383560c7477,0.586590816454722
ck_861d8e3d88f1079e,0.7098617433571548
ck_3f090fc96c24eb28,0.1295852523046929
ck_9a6a1f8102febfca,0.4583402708708546
ck_541b6ad5d2fa5a39,0.5143087805000705
ck_a760d38d1bc4de97,0.019720566633936655
ck_7dca4d7ee10b4eeb,0.05361559834009873
ck_15220e78d1545e40,0.5525358507676748
ck_ca24bb0de508efb0,0.7522763803428689
ck_56b389627d8f02c5,0.9501511890209481
ck_48a6754977a44db0,0.3238119557676687
ck_333a43ec339a04cb,0.6417999100989005
ck_f22aacaf86a65d7e,0.8591704311081139
ck_04bd8a1ffaf3ffd8,0.18621540649319868
ck_2737a72de6b700f3,0.8543502019838266
ck_c35e03b0dd0c3454,0.08264674108722908
ck_e0571312f395cd94,0.04404229410772129
ck_09fab6b9825001b2,0.17698504350631378
ck_18c3a095606209e8,0.09591502377308048
ck_2a97db9377d01e36,0.0793357298939106
ck_f29dbbfdd2786bd1,0.5197961606877205
ck_35d6c510ad29362e,0.9699579231923173
ck_5468fa99c945d785,0.3374433417692278
ck_6f8102f62c876cc9,0.23869982031545256
ck_91955aab3424ad16,0.4576260644785026
ck_9a43c0c73a39d759,0.4956546334126532
ck_60b023af6d1e30bf,0.938756755373917
ck_9704c5cf8659cedc,0.5245663962246792
ck_7e5f02b51b9f78bf,0.8558418925506694
ck_7d3a88d1aa649708,0.9498015945347213
ck_8250eddc1ecb07a0,0.6775908046523952
ck_d979ef95ee44023d,0.6444110206371376
ck_5e5461dac83531ac,0.5441274257304658
ck_d1bb8890081e0a31,0.7100280032188513
ck_32246c62640648d9,0.14328124232634387
ck_77a40c7d2f862a32,0.6330219024769947
ck_1c8b94efe9238f5b,0.11593155449505012
ck_eaf3b6d11bc3cb11,0.1406143753424644
ck_a4a7ef3ad799c380,0.5254168764423339
ck_d5bd8f68da073cd8,0.9118557126465718
ck_6e6258227fc8db7f,0.01812522509940475
ck_c35d444e05799db6,0.4060734277976995
ck_74665e1209140ae8,0.2107452517728195
ck_353a272478f7e903,0.1557487253663487
ck_a2c9796ea229a4e2,0.18895822830113593
ck_e0171f91cb3411fe,0.3367441400073477
ck_703499f5410280f7,0.4184327030503924
ck_ae3a763997f8f385,0.8972889411363849
ck_f7ff94c3df5ac874,0.6681187392081078
ck_f3c16d8f747db046,0.4631052053129014
ck_7ef019ed77276496,0.37341275883223723
ck_d6a4faadab58a3de,0.5466716167957753
ck_ba7b78d31d74c794,0.6133283276320373
ck_36287d063350ce9d,0.23874491690857322
ck_5177fc7137ff26ce,0.40700683597778675
ck_dfd4e79aaa967b63,0.4006798940708316
ck_fb44d15fb93a7157,0.7344523675775921
ck_fca478361870a4ca,0.5295085194347018
ck_e57b94fe57341058,0.22150318389164586
ck_5448c946cc4758fe,0.48781693223835637
ck_c5ece5ffb8800ad4,0.1957850675659029
ck_11cb98211b2ed134,0.9466603691985208
ck_f655399ac75c4450,0.04120611095194991
ck_c817259019588d30,0.13451364022310494
ck_8740a14d8096c6e1,0.6448086027305907
ck_0c5ba86f4e05b38d,0.09440343256708036
ck_ccc917533d4b73d4,0.1138624606060584
ck_9eb80edfa43203de,0.21192769137008305
ck_d1a1cf4cf61d6801,0.6990073272608539
ck_b17c239f160e6017,0.27350524192731607
ck_410c3e13b48e0415,0.4987473584272034
ck_ab553954435e8854,0.9227427256793052
ck_bdbb4230c91e1604,0.5655044099517172
ck_8fd4937eadd64fb6,0.0750624307981255
ck_e0e90b196bef3c11,0.00548188203930514
ck_3dc4d464386f0eb2,0.9033019391001337
ck_51bbbf8f8e8ad005,0.9990630064703994
ck_c05737ab74cf03c6,0.9429398705340886
ck_dceabbe04d99afc2,0.1731843397794232
ck_5b86fd14e85bc9c7,0.9334144402644888
ck_d4febf0083800424,0.7552094845397135
ck_77d9f86dcf251739,0.30840171609751554
ck_b4dcebc543deaafb,0.7560057741977307
ck_cb856e75c949b0cc,0.09299351470232424
ck_61b067de8ffc1ca1,0.22263381483233802
ck_c0e8560ccfd9dd9d,0.1364171285401128
ck_173e1198c341087b,0.0072057411710029235
ck_b4d55bc809000276,0.6715751425312839
ck_839bf139296b5cea,0.910698388655985
ck_78cd402a2a4f2e35,0.031165523940742304
ck_c2925c50ebacbdba,0.14688465185763144
ck_5e3bc76eddbdb0a6,0.41125784507345337
ck_b7793edca26fc512,0.39235725794977383
ck_d79bdf04d6f31cd5,0.11933793987230734
ck_4b97d19ed946f503,0.32467626080246453
ck_37139b41c5370523,0.8077065773504186
ck_8c346eeefa9ce692,0.21813510226816996
ck_2ab7eddee2d8c49e,0.13922563316820466
ck_29da59ea3bffb9d8,0.7062161344318094
ck_c1d05ef0ec6e4be7,0.04816571395463119
ck_3882423b449f6291,0.9596977801896449
ck_5647030283171ed5,0.9242496933865723
ck_efbdcd9c181e72ca,0.40884633335108206
ck_192fdad892782daf,0.8371893576758136
ck_0bf2e13b9f2601ac,0.5476372875923826
ck_3d6046a533057795,0.18577447536280078
ck_279a1d3a3836e5cc,0.8839068399316022
ck_c375e929becde422,0.022556162699036587
ck_a59e90219939a1f0,0.04120381780343374
ck_4e9fba1ec54c3ff8,0.20700835575451276
ck_bcbd8588a13f5eef,0.08330202196204031
ck_5f9a7ff990341bdd,0.10611065891386093
ck_e0403d507519b7d2,0.14480032955808184
ck_c9490cb61aff5112,0.7818388387807345
ck_41dd44308e6a665a,0.585187859911925
ck_76c23726cd7ca947,0.45345970809942077
ck_9be551300209fa83,0.2675907282671829
ck_a98848eec6c9581e,0.42183768836957336
ck_61176dafb33b2d8a,0.8895681916706717
ck_92de019e05971ce3,0.7930676581481981
ck_5d644224135d7c65,0.42247000998043416
ck_c767fc454fa215d0,0.16765185383694786
ck_5df85a8924e11f27,0.3100585618022287
ck_da2729307af06ed5,0.5933627249534426
ck_7c6b577174af7a78,0.11943900254265666
ck_893b8afbe11301e1,0.2769724694592004
ck_e06f6fed020ae014,0.14065236985673704
ck_386680372fb54857,0.0993337042722026
ck_7a7f3c4fe0c9d2ca,0.24619327062427498
ck_f908b527c4db422d,0.6351064450204001
ck_ec2eee6a133e9a6f,0.6905103552438705
ck_d98934f9fe0b02b3,0.06490180389345115
ck_398a1ed77b0130e5,0.6527411451769687
ck_d960af7a55b892b1,0.22113537980532577
ck_4637e54a9f79e2e7,0.07237225907449055
ck_02b9f418524f6650,0.19133440092820542
ck_d4b23804cebb045d,0.39155692005165177
ck_35b1939c48182a9a,0.30163394874382016
ck_2dcbb71e39d64305,0.6557655033638352
ck_47a884dec960ff2d,0.4055859869677819
ck_71fd8c346fde5cca,0.4077757301790824
ck_98e1992ac8e7d2de,0.6104168189693124
ck_ae7780327e210522,0.09082691620748887
ck_e6c584b4b1ad6d9d,0.3798166901538431
ck_344b2e326a6c3dcc,0.05746506427503018
ck_9aa899a5230b0963,0.42924382506121184
ck_e48d14d5b70ef5aa,0.7893920474190927
ck_59d380a0973b3951,0.5979967462010416
ck_11318f7c041a5ba9,0.3941498400563219
ck_7061786fe2f22f5a,0.20786775256144996
ck_e77529651c416cf7,0.5904337480451587
ck_7f79878197340435,0.08828474733819022
ck_b0a0fb0ee9ebf106,0.13963972404021066
ck_70c7679199776a90,0.07477235495488192
ck_b9facd2210daca5c,0.7890903525050363
ck_9949f53c155b8dde,0.5293503761676532
ck_1c607e24f2c4397a,0.8500108408721136
ck_aefd1ce3ce093cbd,0.4861462127371753
ck_5a29b7018e43280c,0.055332992026912664
ck_69eb0b2ccfbe5f95,0.746801517885993
ck_fe037765aa465c58,0.18220746408060212
ck_5e512ef5362a3dd6,0.4039165130269927
ck_544a9e80b7fdc279,0.21576578158856322
ck_7825494e654d5695,0.29744078696333165
ck_f1f2c3c623553f0d,0.07400893280049045
ck_52730906e5b461eb,0.942126824664792
ck_01e0689157fe9617,0.8382713911534339
ck_9da82e567074da9d,0.699951729960579
ck_6a17384072f904c0,0.24943181452684382
ck_8d84d771a21942a7,0.22609937575322803
ck_39638880292782a7,0.5829770854944947
ck_7d51c86e0eec72ac,0.6638052509220338
ck_45f4c821c70d134f,0.9111618473542573
ck_0af3c13ba56ce57c,0.07044039353871842
ck_0789a05e061b2784,0.927496733649608
ck_6ba091eb42ffa9fb,0.8528663019130073
ck_265accb3c5c32620,0.7519268166252004
ck_179039559ff7566c,0.26196457291266007
ck_17c0a6a92b5765cf,0.13425978698946878
ck_59371c9140239fd7,0.096501701210831
ck_f9c4f8b4ce2691f0,0.43008020195820185
ck_a2637e4872cf4811,0.8701078560743828
ck_1de43fd6c6c22a5f,0.363479071824923
ck_6e4f31bd108571f0,0.0052864458307318235
ck_da06d97db0b18851,0.19483619278747571
ck_e0346d5081e640e8,0.8064763742020133
ck_c1c7d4e62c9fcded,0.7924313246412751
ck_2595669e421299f6,0.7895547021969811
ck_3b6057d51fd4c7d6,0.8234729870122676
ck_c5f8ab515840a0fe,0.2828297644450567
ck_435cb24538c6f77c,0.5888702231145486
ck_d84b5403da4cea7b,0.19061755963657984
ck_c2b61a98d1c8f6dd,0.9441028550440921
ck_c9dcd92b2f836b61,0.694255485690926
ck_9eb5b3f5f672c2b1,0.12538788285855948
ck_e4cf189a8d31649a,0.005170042346318531
ck_6b114f2a48152b96,0.06386936733654612
ck_3fb95862b70f505c,0.4831046793931933
ck_7f780f465c29398e,0.34399807977552455
ck_ee387f9da79e67ea,0.7419164501342117
ck_fa3b1e85d27af2ee,0.6477461180562584
ck_e739eaaa7a1822f2,0.4381548901511797
ck_dfa0ac11fcb1dabd,0.12319493752993438
ck_6e8751b571ea54d1,0.2263077666759689
ck_2d695f8358383092,0.4828123499696076
ck_e7dce27edb700f27,0.26476401640673664
ck_e322da8b213eab52,0.05046331881329111
ck_d0b32e039abb8200,0.3564168877041496
ck_b354003302b272ca,0.5428329514624654
ck_f7485cba392bc294,0.9598139124933851
ck_d6a290ff8362c7b9,0.8079391347375676
ck_c56a44fe315c0389,0.17085983339214322
ck_f77dfe6512eae322,0.37549864838078173
ck_35fe969c58b9e70b,0.2725572416540542
ck_4c518637db2322d5,0.9128994538969422
ck_cb61902798ecc4fd,0.632838576313917
ck_56e6cfa32156a916,0.3079286755699312
ck_343e6ed2b9d35c01,0.20388005179928578
ck_51440f64f7250ad7,0.8040005757657905
ck_295bca29c34cfe2e,0.7607221214694986
ck_dd30558576b45e7b,0.462633301697262
ck_3a30132a57181fe3,0.5344966396093144
ck_4a733aeb833406f4,0.3012541281350427
ck_1b0b7c3d35ab1259,0.30404169442924917
ck_962c3bbf27cd4b80,0.7568940153815493
ck_9528e1d6b1707870,0.7795428067329183
ck_b3263e7f31aab45f,0.561412038357463
ck_e69195a3c885053d,0.02713647404557299
ck_a907fa8795cd4baf,0.4019780989806606
ck_205c3405045bd835,0.04190584931447626
ck_e81fc223bed3c46a,0.4600824440809751
ck_363751deae40edfb,0.649732286401828
ck_6176baea8cbebbb6,0.8265238737632372
ck_633e6579f5c74a5c,0.9775443044058664
ck_ddc11fc481eef58d,0.3444661607521514
ck_e975002c979e12c7,0.5578794446532167
ck_8e039b23acaaac00,0.6600310856421083
ck_1d6990d94a4d2ad6,0.4208017644684767
ck_e7b583acaa3171a2,0.7501163252190907
ck_c0133f60d39b2fb5,0.14911984281680604
ck_7d6bff85e7a694bc,0.17128037769265891
ck_d305b4d82f63f647,0.2366660890598165
ck_22bd0fc71f95e048,0.7076208554942764
ck_9a65fcfc7916f93f,0.18862825902846836
ck_d61c837b0106085a,0.769735767973063
ck_be86a1db08dea456,0.4023126065413508
ck_90489c405e6886d8,0.0048502360586182265
ck_0add2c321d579d75,0.2851169418752717
ck_482dea6eed92cbbc,0.3798595222462845
ck_c24b47184534cc2c,0.9753269569574308
ck_fa04ac31e596e7d6,0.47675761185180454
ck_084322dc5a3a86f0,0.4054953188717303
ck_ccb72a33cc1877b7,0.30031524571434015
ck_afaf374009d3b248,0.2663976106305393
ck_b53084ffede19a8e,0.005028767878959192
ck_4760216154c8cac2,0.9434045742119868
ck_37ad3a65db673e70,0.3676509995520451
ck_0c2932cc0d553694,0.12938609170509632
ck_86b853c52f20fef5,0.17390786193902985
ck_38703b7546d35a80,0.6476020503444455
ck_218b7e6e6dbd2da0,0.11388158316379118
ck_402db4184982fdf5,0.46470233470896527
ck_f917c82af80e4a79,0.827475370277365
ck_3c6417a233c68c73,0.46927257021244234
ck_98068c397d70dd3a,0.2571458230715016
ck_b1cbd6679c0f8d95,0.15289877817137693
ck_9e962f9bb0e7bac2,0.40981018474796443
ck_b08247c3ad567d92,0.9692580958876331
ck_3ef7a03ebb81cfe3,0.08357507062508644
ck_5d7ae0e3562e99bf,0.614193814215782
ck_c91a628236baf91b,0.8516114856003522
ck_7f8e816ca51755e3,0.9457298639739298
ck_5aadd286d188f5c3,0.44529964635974195
ck_a037aff5f8128c73,0.4418755996446654
ck_5df6529ce8290906,0.27882962188504085
ck_5f3609511443e5a8,0.24556817131740663
ck_a6f61864fac3c8fb,0.5340358527926646
ck_2733fc6ba23ae46e,0.6220881584685988
ck_22bfb9246646eb41,0.9538743248088541
ck_bfc2a57d8fd1610c,0.9329501428824597
ck_49839e761d0e74e9,0.08572069596959839
ck_aa4ba931dd37481d,0.12862460307586832
ck_2f9fa0d61829f815,0.6298340492572325
ck_5b82c774df10d49b,0.01177327263837818
ck_411219470d0a195c,0.09229144027142117
ck_d07485ba10514a2d,0.8940613978230316
ck_219bef979ee21bdf,0.0049257943659756255
ck_eb1006e7285184a6,0.6166091732020553
ck_fd242b18575e3063,0.7614747252852121
ck_95188150ff059c70,0.8345268834035945
ck_a9ca2f447b984a6a,0.7015543057440465
ck_2dd39723c4088b64,0.3583082675521242
ck_aa2b4c662ff213b6,0.3242700006115913
ck_1867b1199c864db5,0.6531045452924514
ck_850ec97a5a0dab9a,0.7079319533296031
ck_562320295fa35875,0.15043750817608403
ck_bab5759b07fe2bea,0.12648844961727326
ck_b9f1465d803e57b2,0.7081558061536948
ck_8f21f2690c32c691,0.769667978175633
ck_df87d6f61a63eb21,0.7796505052127067
ck_770475876d0e7e6a,0.23685395384968755
ck_b4c014d5c0cc9eb2,0.5305028088755859
ck_3add4d23124c9290,0.25888609781109295
ck_bce5b7fecfb6264d,0.8300671460916647
ck_604c17cb97dc89be,0.23058530461088772
ck_e52cbcd9aafd26b2,0.1977712169443659
ck_0ac9114076f5bf3d,0.20745691491336
ck_dcc125b178b79566,0.01674343898572477
ck_4e333c09f0c37dee,0.5968487721903364
ck_ff7e31ff8ba731e5,0.021312981897266835
ck_8d0532d24f1070d1,0.058815412174638704
ck_3689fa41748a6f6b,0.7573611127843273
ck_7509eb97c1948b16,0.7428619896067754
ck_a9161cf1ca22a6bf,0.684551865789212
ck_bed3e3db135b782e,0.6188708675419444
ck_9040edd974ef8e3f,0.9312094067234622
ck_fac32d76ed40f683,0.12013600252927088
ck_3d7b1078e2d57c69,0.46822249003461147
ck_dae09c4e074af5dd,0.7677682775977367
ck_fd84507228467b40,0.6899603595545366
ck_e2a2ce9b8cf44c63,0.6111887632345574
ck_cbe716f351d660d4,0.7645054229695656
ck_cba4162ef29a6d27,0.42051104893175484
ck_4f1e962ff8a29732,0.16130477911079286
ck_39a81899dded61e4,0.44662154282055905
ck_25382331551d22a5,0.41117547462783915
ck_6d64e1c07b19856e,0.8167728358084991
ck_165a868bdef28ad3,0.7229984097679492
ck_88774ae52e30e877,0.6879611292934235
ck_fc7a9d0643570053,0.06276678351398088
ck_c2017120b3b88a46,0.19724902684074036
ck_d115ac6b9fd62a7e,0.38977959357725545
ck_439cf7d51ec7de0f,0.41136935182680856
ck_2468a7e9e68a0927,0.13540530974040876
ck_7c418947124dee8f,0.7291988224013977
ck_fb0cf32c4a56f740,0.7315878282459073
ck_694eb6c43193afd4,0.6026695275559584
ck_993beb188dd4abb6,0.5548819209629936
ck_77fa39d3b733c226,0.9204248871956431
ck_49969a9abc47cb69,0.3915652851849998
ck_d3f44bbe2f7e9b2d,0.4269762283633666
ck_fcf5b8216d0c18ef,0.23145482402317066
ck_daefe1e2d2bc362d,0.29085514506007415
ck_9c9287cb28950eb6,0.6288874738699688
ck_c1d1a625b885a975,0.5782735747282419
ck_71b37fe47490b4ba,0.20275138912696877
ck_5d16e257c0635f7e,0.9538749474556101
ck_15918075563eb074,0.11133502400963824
ck_9a15fdefc47e8d11,0.8302967767714902
ck_6f04d047d1dde75e,0.0627905210990169
ck_1af2c0b3b8d202c1,0.24643136853797698
ck_174be2231c5fd2b6,0.14628614835879789
ck_bb0713a2a1d65982,0.24630620837994172
ck_0daec63bd5b0729d,0.662352907638573
ck_c0b5cc3e8ad2ff44,0.8644606829831434
ck_35bee1fc12664644,0.8820623595559621
ck_a1c7cf63467df4c2,0.1870981798369572
ck_ecb1e15f0b185ceb,0.7289790050212938
ck_f280d31f54a4710a,0.2463620448474283
ck_30f4b2ee8abe1342,0.47349631168580963
ck_66bed631354de5b7,0.4786602634454419
ck_c2d3ecd7278eba2c,0.4268514815477319
ck_e901dec0e09eccbb,0.22088225945678874
ck_5d038ecb3c8748a3,0.017445348815345374
ck_283c5bea94b21e80,0.046494267827107416
ck_7956c251b85f009e,0.9370146534628199
ck_9f5f81d771146aa1,0.049344223218422044
ck_9323e6fc1e168eda,0.9542253742252842
ck_10495d3a635b8d69,0.7938672101229816
ck_1982d571cd36eb0c,0.193913894802713
ck_4f5d7985bcc2eda4,0.17548103271757573
ck_7df526b2b4410bb4,0.6176769292776132
ck_dbb498b1a346a402,0.016949315922319956
ck_ef059997563e3330,0.1329667571495182
ck_02ec4e06709e6b82,0.4881941926898359
ck_9782c86ba6485f88,0.08032173877678689
ck_d69de468b44143ca,0.07082042582923356
ck_6430a8792f400e0a,0.38946153190062627
ck_8285bd3c90af94f6,0.23955249550825963
ck_985c9ca112000e9a,0.3913778847860056
ck_e679fbf4f4f4aa07,0.7108210212965765
ck_016e8c8eaf9d511b,0.24382423742117318
ck_bc996c523944644b,0.44784560247720817
ck_5b8315726f6204e0,0.23581496866828994
ck_78181f8e998e442f,0.24519784841488623
ck_71c68dfd011dbbbe,0.9331853125544828
ck_db32c95ce2b6f502,0.9453811361551205
ck_755010362a9b1bc4,0.5656488288276584
ck_114141d85256c9ff,0.06649459172391273
ck_9d1a5cf5a3b87e48,0.23901258035650275
ck_ab640420858ab5c4,0.8189954633973247
ck_97a8dac48dd62488,0.8839060635897336
ck_879cc3166fe1bada,0.26998233619020795
ck_b0ed11080076e381,0.0714178744963005
ck_7334a9ec656263b2,0.4613579214346961
ck_6494f0ef13ce44d9,0.30551588364571064
ck_724e459b9ece38f4,0.43377727270578076
ck_7fd8b1470401695f,0.9154452656468693
ck_292f81186358b0fa,0.49172310391980045
ck_fa7de64d37287615,0.3890090424189056
ck_d00e09e66ed6458b,0.8188983714103144
ck_b8d210e741be186e,0.18844014636852408
ck_3db59982cbae4410,0.8323663253962953
ck_69887d0a9aaca6df,0.05948985384225771
ck_4feb21e2fb0b3977,0.38627446959045797
ck_08c6cc1e143475e3,0.18376947173823588
ck_fe6e168cdbb46b9a,0.8451779520263969
ck_07f1734be7fac56a,0.19488814984865577
ck_d66d59981307db93,0.30868639443091384
ck_f928dba0d587d7c1,0.2045561787944304
ck_786448fe3004cbd0,0.28909733287050887
ck_29ea329fa40ace62,0.14873913347826567
ck_7ea52b6f27edcb73,0.4330145321576998
ck_18bc51bbf3ef198e,0.6882467499740849
ck_44950df09ff14ded,0.15191343356775663
ck_c1466b52c0a10b93,0.7480766801846868
ck_6cdac067cc4db5c5,0.4936353228123852
ck_53f55c6e8cf2d432,0.1078110716583588
ck_95945f48453ca532,0.4170327966317771
ck_87cce4126e215153,0.15623542045331895
ck_1ecd5516c92caa4f,0.01844812052611304
ck_819b482bca14c068,0.9081546644778706
ck_a61a879dd46fc9f2,0.48200888723365665
ck_af70aa32c009c3c9,0.4974040777237496
ck_f4fe78e249092ab1,0.6656793133123471
ck_12c46bc52bf45b36,0.041896816437514584
ck_f05f5e4b40afa52f,0.762420105009352
ck_0f8cb09d3f4fc980,0.7703504273282161
ck_80a64a7f0275a71d,0.6002551137370561
ck_683af7b1540a0b22,0.4577700109869889
ck_51fe0b613c076cbe,0.11875131992553332
ck_da1a2450219dcf19,0.3984291334431245
ck_2a7eba01ceba6c2c,0.7973873958100577
ck_4e329e29dfa743ea,0.8964805974908241
ck_0274d881d6db82c8,0.2774044871514526
ck_0af5b7d128035b35,0.4978352064560383
ck_ae0a7be6b0a0ea68,0.0837260939632272
ck_de5bb7a4d091386d,0.8431196483266858
ck_2bb7c17168a9d17d,0.6185314847281165
ck_0ffdff7b2f5fdfe4,0.7258888271869411
ck_718a8390b3d42d7d,0.2347383021181693
ck_7c4f12d70f184533,0.22766383974001383
ck_d3e2c26b8adff099,0.11584501150806666
ck_ac9d3d9754104cf0,0.031990810080276065
ck_3b1766a1d51f8f0e,0.9447999108020408
ck_a9bf75bea912027b,0.3721773704484681
ck_687eab3ffe1f8cfa,0.47786422034045406
ck_25dd0b02af5b2f37,0.7126247570277724
ck_1747fcc466f0ae38,0.009550724040276922
ck_f6e9d14dfb6f3c28,0.6787080335695888
ck_c6a7bbd0adc4d5f3,0.46728820318347963
ck_46656a23f4456d22,0.9578335977951826
ck_7519260415c2998e,0.35084105902925883
ck_754f30ea19df857c,0.4663424837737371
ck_ba88a244d5f7380f,0.052300841589188234
ck_f268416945316815,0.18996992739024227
ck_21860dd2159dff28,0.07284910964417113
ck_7a86ef4e2beaec38,0.43677052481418777
ck_0414507baeea936a,0.6651325612921144
ck_60796eb60fc3043e,0.12796757849524484
ck_1e0841ed17fe0562,0.2508062659833409
ck_0d641d32658d6e0f,0.1919853872704837
ck_b36086ae6d87eec1,0.10620657107369151
ck_962e65ab33b5c311,0.9682074955376638
ck_b046a42684468e63,0.18541036553049026
ck_ab3426435b0017d6,0.7388471902776099
ck_fcfe06e44d09a344,0.5631075431182933
ck_0f6d916c92189516,0.7814498982109137
ck_d4c8f0d957c3965d,0.8106697312496107
ck_2ca83dbd728af019,0.2268726961411473
ck_2857a4ce9f72fbfa,0.0018791402044099881
ck_a60e6edc48e3d0ac,0.8509394622204709
ck_0cbd3b27063d4415,0.647948237172665
ck_612089ec90c37219,0.5143176170854374
ck_ec4e597f17f473c6,0.3097347734933993
ck_1c93cc58f314bf71,0.5500432405818368
ck_2b359a979520276e,0.6062358319010243
ck_1496568ddc3b2d56,0.8060096221894519
ck_41d91dc9f5063566,0.47927085567395433
ck_4c5ff58afe3d7a67,0.26565939353242385
ck_81709736281fa3eb,0.06832125425385058
ck_d89abbab3d4957aa,0.022213339974464934
ck_52453401f88935da,0.23743653354914357
ck_a477654d34783e06,0.3855907532059688
ck_72dd0dbdf808cb00,0.7267217351222688
ck_c183dff3781746cb,0.780504114945406
ck_c8b7f241810b45e5,0.04036988101009592
ck_f88028c3f306bc70,0.29844496116663066
ck_91d48d69e4f5d9c2,0.4502729107421535
ck_b74b9ba6d7c9aab7,0.8753815455253482
ck_03e904682dc73bba,0.29180268519526836
ck_fc6fed6ea96a004a,0.29945393760113564
ck_51efdd240e34c642,0.6873545483603762
ck_e78ab4ff52b5fd2d,0.14093466530947835
ck_4af7b97c24d89a45,0.7176138371677165
ck_295c0072eca7f7a2,0.05488903418346143
ck_8abd1a50a9227463,0.5347180814917437
ck_ecaa6f13304e3dc5,0.06916087112117192
ck_de436e7b319be1fa,0.9929755491119396
ck_c802cf8f61466027,0.38297672752434536
ck_3d83e0a3c1cfbf8b,0.26014873445635417
ck_28d2003c2d16e4b6,0.06364455870200725
ck_8ddaf745bbb9cd62,0.05689365033211199
ck_493b6256091014cd,0.9281925602853522
ck_a2245822cfea997d,0.4202399930163979
ck_f7305b3c64cf8a03,0.7315391598090837
ck_9937dad93a0ed3c1,0.432447134923513
ck_d654449f9231ad76,0.2629549107707354
ck_850e2b59bc535490,0.3225960209664678
ck_e55e5bdfc0242aef,0.6041439783275808
ck_d35c51e981b98c5c,0.028298729971599355
ck_27cdf9c5e6f0915b,0.05830807141085083
ck_d328db1e1052d820,0.141889466158337
ck_0ea30eff5f361cba,0.04036787805500411
ck_9994323f97109f4b,0.9880620232819981
ck_09054e97bdf9624e,0.0012816454769344564
ck_723b4afc388113c8,0.681076015213958
ck_588f6e6a6a6d93e8,0.31947767586664033
ck_e1d563fab4d6116a,0.4887774758888164
ck_53aca610e20598bc,0.3352102468310517
ck_c8131ddc7ed33448,0.20254794761566824
ck_899f88464305824a,0.609853734279624
ck_1c17c65804f8889e,0.2804598650304595
ck_45a16ce12893cf9b,0.21807969763257362
ck_f9d481aa4f9b2808,0.9116241865439164
ck_1d5d74169cf892ef,0.6581661402159205
ck_aba32acb61c1aaca,0.5847244514016722
ck_ec4dd3675a8d28cc,0.18974031429367647
ck_5dcd443fe0bbdeac,0.40179896135237697
ck_3a47e3f54475e854,0.06315739969562725
ck_a9aa5c344c315532,0.6302723100910579
ck_9652283c9f61fcec,0.25189218614493025
ck_752dd3d2487f78ea,0.11261188348386743
ck_a821980ac4db9943,0.8642245980402453
ck_93e0d6befb67f7a1,0.5676851325574633
ck_e7a3881c3e36bd51,0.9191531888522333
ck_12631b78f8a03df2,0.05285774833665573
ck_57b8226610b48854,0.48118146423658587
ck_352657008983fd4b,0.6177030678832592
ck_0841a5c24fd3dd28,0.3882811999270389
ck_db9b9d5d30f74070,0.7856538246500893
ck_a9dded7f6294e44f,0.5722069843284856
ck_91a16336ce3217dc,0.47017823054259456
ck_371bd9388b287677,0.07033842049186899
ck_f285e5e1912a7c62,0.38027605442701995
ck_368b65fca69fc415,0.4180702954355531
ck_d27a73596b6500c2,0.35659232874897384
ck_2d963f9b2c4d11e1,0.7509529047791286
ck_7c500e219af39486,0.36094835021291916
ck_7d025dea5951cba7,0.36826047154247343
ck_32f632706608859e,0.14466226397985082
ck_53816231f3ffb48d,0.05383650264635097
ck_9dbe184e81c1ca8d,0.705221719609191
ck_d74123617f22a21e,0.1843896183871563
ck_275386782b1606f8,0.007243787302462338
ck_0b0e79d33e50cba5,0.09458738796427421
ck_ba93cb604f792915,0.4988660004981488
ck_a86cd653472eccbc,0.0956957776547534
ck_87771861e0447210,0.8369299022593596
ck_212380e0371d8a6d,0.7018024329524861
ck_ef0d702d7b0ed745,0.1631690076530591
ck_2b8f33e22f939372,0.9338789259100654
ck_480347ad92037105,0.3093322482491233
ck_20124c3a16c53ce4,0.8018122250135047
ck_c9e1e3229baae708,0.37158040930400793
ck_b1befe967f7a5ebf,0.622966229445816
ck_4672167d7c989bbf,0.35108729455922283
ck_f0c44ee5e3a42e3d,0.5907303337124918
ck_c416357d20238a4e,0.5737540505989244
ck_d0f470f8078c91df,0.08160388133826217
ck_3a70b4ee59084715,0.20883865900365517
ck_179ed66cdfc1ce27,0.6755683177568188
ck_387e5a7f163c7837,0.22261498225126747
ck_08fb463e69f647c8,0.9886466806792513
ck_732f725747393ec8,0.13393311170981614
ck_7cc5e0fa3ca5a713,0.6076841706537461
ck_ad4a4daa826ac68b,0.8416235466429901
ck_472e0be7a3b533bb,0.7044044018150397
ck_7190177963eafdd9,0.37715730692383065
ck_647ac26c5900f082,0.22668219875832257
ck_272ae2179bbd8e58,0.27172807927243603
ck_09b0d8af304646bd,0.11107321762530085
ck_ca0cc8ea9f344408,0.2564983758581154
ck_332ad134fb909869,0.23381404477023315
ck_fca2798914627dc8,0.7501194549920573
ck_4450b55f462ae134,0.14268479846329643
ck_d67d9dfb60b286b9,0.03192595373021865
ck_a9d2bb4f2bde7052,0.011384635184978896
ck_929bcae878a3ecb3,0.933646799827434
ck_59a9e000fa275e1f,0.4774153825334786
ck_57f17254e2688637,0.1979107345716543
ck_0508908697f60ce3,0.8274378703572766
ck_946afc2943298d26,0.26555480926609754
ck_7176d12b18f2cc0e,0.573520956712924
ck_5c47b49c26cce286,0.5885011722320441
ck_b6a2bdb2d335e1d0,0.9947308914153866
ck_1d58f6caaa4d012c,0.7305208572309732
ck_71c917295020ccc7,0.08892284980682069
ck_bc89644ae3688995,0.07035351330585977
ck_e7c212f16d6df272,0.2766266990311514
ck_c6d2e11a368184e6,0.5079676541584154
ck_eed7f1f7548df15b,0.20964554018914117
ck_75b69034000ca7bb,0.7405491423691035
ck_38da3bf629458682,0.37460918433282986
ck_90114c891239d821,0.11176044206743221
ck_8ee08f6777cc155b,0.7041929424242444
ck_bd86132499defcd0,0.14559471917242212
ck_b95fbf2b5640aa82,0.624031628857598
ck_c530235393360e3b,0.25750730597614857
ck_be52a7ec43241ba4,0.7563161910848728
ck_d96eb3cc55f2772f,0.5012069462647363
ck_dd34f0a844fb115d,0.8828685497845896
ck_17cc7b411f448e66,0.21898727823696895
ck_856ea65fa27d06dd,0.6325971397865735
ck_056d5f0301c30902,0.7889369231954042
ck_e662b14b2bab23a2,0.7380485922900557
ck_209f574c8d92274e,0.22110300643501987
ck_62720b81617896cc,0.22882441154524946
ck_041614694b77e599,0.10909256481452206
ck_461e3f7b97db8d16,0.1938213192498256
ck_1b74b798eebeabdc,0.2917188800172269
ck_0ed2739384f1d644,0.007693843565861687
ck_5a4d19f1b83feeb8,0.11716509167225769
ck_463937167965a1f8,0.4969832617375775
ck_9d7151dbdf100e0e,0.551328555982086
ck_20a7d1ce6cc27312,0.24483927977768288
ck_6031211ff118cf0f,0.30413663582309425
ck_a6fc92aa91e99b77,0.9430558539491918
ck_0aaaa9d2f75a0518,0.4176662830291167
ck_ec26e327cc1848b2,0.21784161722757317
ck_0e6bebf8ae9b9b03,0.6051892821387652
ck_e107537a4cb738f4,0.12138584313784928
ck_e8ea56e122a5a487,0.7761337727341349
ck_98149ed45d38c4d3,0.6592800910551112
ck_0e719b3a6906b8f1,0.29246205382756174
ck_0c6e7bd357e4a348,0.24613195489824977
ck_d3b2b250da61db19,0.9635428087049338
ck_8bb6b0a292754576,0.8522851807010153
ck_87d70f5fe48a6128,0.8680350622583485
ck_ea9edf9c107d429f,0.5155764628651264
ck_059806c52cebe4f1,0.8929048556858014
ck_a72d6df666e1c21c,0.24495295143206805
ck_1d2b80ab6c4944b9,0.4831228207884107
ck_60557f077abc42ca,0.8633326179713425
ck_e5f5cb7dd6ce4a37,0.5423632653340671
ck_4c4a939154446053,0.10156460073369261
ck_50ede3eb561a202c,0.3364505847896314
ck_6d03a542922b2ae8,0.10263880901687494
ck_d6fe761ed0db3270,0.36379225911745605
ck_7f0cd6ea3096f985,0.11189456654466429
ck_23edb6d938a3b87b,0.044325209765129006
ck_799aaf9f2b9ef621,0.279545720513534
ck_f8f6a03613b6dda8,0.23107531913813406
ck_7cffb189f4f514ec,0.9944970443470829
ck_c081e1967dcd811f,0.5436500982372228
ck_583d6ca78c97d91e,0.9262208730600746
ck_9332bbc7125219a7,0.02921843564300876
ck_956b5af6d7d86c65,0.9788290934167283
ck_2d634e3f24681c0f,0.35893303582746294
ck_7b35d218ed0c5a60,0.5906301973895505
ck_ca5b1057f8248f73,0.6339390087465143
ck_ec5ea81cf813597c,0.7790944397510475
ck_eaebaf4d28400fb8,0.25974655464803165
ck_ae2ab6be219219aa,0.3111653721512817
ck_d99a8b4c820eb46b,0.3357294365415869
ck_bcfb7ffb7cd428bd,0.3582526554801618
ck_3dd542c2d31be2c0,0.1885535388537467
ck_c7dd84401e29a7fc,0.3012778916923914
ck_c4bcc7cefd40f8e2,0.05510880375610452
ck_c251898b5d51e3b0,0.412649672208685
ck_36d37be780c1291c,0.4678142037419767
ck_99b4f266b61ae7ee,0.10278298280532887
ck_c37f03995f0f0169,0.3916720447605268
ck_65a23ac8e44eb901,0.25411135838846866
ck_644b1c1149eea9e0,0.3309369092690306
ck_9cf44eb0237c2429,0.2874072273294433
ck_20541686a94fb71c,0.5475709538196327
ck_c18245be844680f3,0.6821902193173133
ck_56de216eda6b7fa6,0.07932051778502236
ck_406c4442dee45cd1,0.01659392593277688
ck_df1585c7d72a96e0,0.004004519376479467
ck_b8e8dba20676d87b,0.4233519478578751
ck_0ee6965e68efc177,0.5705037516546123
ck_c2a5c54ad8d0d297,0.3861224592132739
ck_bf6fb7e6470e95cb,0.006504669490003963
ck_27fa694569140345,0.04819905859229871
ck_e04166b0ce66393a,0.14356374752569973
ck_8742114f4f0cb22c,0.472349735361909
ck_6eceeafd56b42576,0.8862126153987087
ck_34f9951b0eca1965,0.1312158093545916
ck_384ccecd342a24ad,0.2982026655782077
ck_49c98bebd1338879,0.008606844198037585
ck_6c26c12071c91ff6,0.4067533552540547
ck_01e5986ebb9a78f1,0.39030878436651156
ck_121db7ba3be29ee8,0.6457708434484423
ck_039e6d5a330cea1a,0.7748836830336437
ck_ae8c9163cf957d7e,0.547562946711008
ck_3f5e8f3f1df0c8c7,0.568592323093267
ck_b1c51fdafcd80122,0.5570558048927929
ck_12e2b5ebfe8986b2,0.10482588644931767
ck_d55eb81a4d543c59,0.16647114633017823
ck_f85155ca5c312c7b,0.8571579529036142
ck_133d8a1ac7c0e301,0.9900503003018681
ck_04212a9bb9b28696,0.9996486135524524
ck_4cc11c7d3ca61f73,0.07199526509057948
ck_2df4854186ec515b,0.6609136096001667
ck_aa9b28e7fc43af79,0.9303972165081756
ck_47cad6c3def4c9e4,0.08818886452552618
ck_fbff7b5da8111567,0.10949141222784327
ck_bd25ea782e375b22,0.6025988775910498
ck_7989376f8cf64a9d,0.8149943120524175
ck_675c0ca1ebb1051c,0.06131027400866064
ck_1436f6e11d4008f9,0.5674942053623666
ck_812cb3a4482cc618,0.17549376958012436
ck_6e606f73a1094afd,0.6326465552820171
ck_1b708e2a4a0584dd,0.062049680687520675
ck_a60d6b324bae0330,0.5579997747508668
ck_706a4f673a9fda3b,0.9206567943340302
ck_a75ece9a9044eed0,0.00483123836428101
ck_9aa45c4e03c8c57a,0.5800289998232935
ck_9fe9bdce982b312c,0.7153323816433611
ck_c6fbdc5ba68a8466,0.5421996773101081
ck_ed0cc1b1c28f9511,0.8126002269284752
ck_a4e2607b4c8021e8,0.004898826176572683
ck_e02f93f51cc8caf3,0.2587231551994812
ck_7084ed3cf20781b7,0.5886638809318011
ck_cd4c63155570d6ea,0.3252339616952543
ck_d1b9e5d32d2d789f,0.29718018286107584
ck_68f56f6560a7a933,0.01270605152697164
ck_8bedacc6233c6269,0.07680371251672449
ck_ab7cb50407d6b13e,0.7054351356626553
ck_f17ed7e0fd687742,0.7080976487438801
ck_b0fe4b92fc70f72c,0.2671333855147547
ck_84d62b8196da2452,0.4664553812260678
ck_9e298cae167f4693,0.3341661578399937
ck_405b20ef9ad0ba5f,0.9169500108474913
ck_813e02e1ababd177,0.03713036921272023
ck_f234ab47061ba7c0,0.05717850132034924
ck_22b587c18363899a,0.4457929679199938
ck_4e862c2f48c38aeb,0.1516560702381965
ck_b89cb90a420c9075,0.055709765721645974
ck_be2251640f27a3c9,0.7326768316225833
ck_46bec0bff167ed3f,0.6264165086073348
ck_c0032232c2868328,0.21677667035762188
ck_030cf09525dba4ba,0.8577024014507548
ck_6ecf56236789fc09,0.9684403377210351
ck_38d4ed52cbe6d123,0.21294657176285145
ck_2d923d957ffd4d53,0.3085095320037603
ck_3af1eb88728ed8c7,0.1701197878334036
ck_2f8120ca80a1592c,0.5895663592272216
ck_6cabb1a133f0b151,0.2448772875574391
ck_bb6cf7e7b707731d,0.971357571110513
ck_c8307fecafa90140,0.2188553648110529
ck_75f968be67f46d24,0.617647968745706
ck_df6fe4ec5a233213,0.4930972531498241
ck_b53e88c0e927d896,0.01634389923024684
ck_f0093064aa28f4d0,0.5259673203961139
ck_ec9976cabc63ff92,0.6198243783537871
ck_30dac0a58c5590cb,0.8694008130866935
ck_348a525791ae6475,0.6005291975833345
ck_b898d912d1181ef9,0.6452041609384269
ck_f5b1200dc6f95760,0.2700476798036564
ck_54978a073e7a0b1a,0.05657377066386996
ck_55933936536a4071,0.27053956714400046
ck_d6ba7ffd2ae08863,0.10839035196333288
ck_404e2217fd87fdd2,0.07697628188658903
ck_dfaafdaefa5716b6,0.59625567072991
ck_556c62e92d4e7e5b,0.8493023540113389
ck_7ce44f4e06d58111,0.7667573948763624
ck_465cb8ce232c7670,0.03375522214615904
ck_237508ca4fb37268,0.7858897506303434
ck_ba4a6b9aa63964ef,0.3512804343260519
ck_4802a0a7a1882c88,0.9128977119306596
ck_9478dfe4114c30f6,0.5037880592417643
ck_5138f6c575dec64c,0.3854056237239113
ck_aebb42afe430e2e9,0.004705303767662921
ck_004efa95555437e9,0.03290442567072671
ck_11af112667c98394,0.607447572855081
ck_44e9a18a8645c9d3,0.058015368975093067
ck_2605fd571219e28d,0.19087472051338172
ck_dfc933493561d84f,0.46180470413220637
ck_67674348e68d1f25,0.6266776265250187
ck_dd97429277a2fa00,0.7502193777655084
ck_d3eab7a06eb48348,0.6357890428828947
ck_0b9fcff9667ec05a,0.022873638462086513
ck_fc4bfd6e739bddea,0.28496109358156785
ck_43292f70a03ddf2b,0.6895650127137591
ck_5ff6108056a3fef5,0.39931900338901494
ck_767e0be086b5f601,0.5970349916717158
ck_b8465b1a5666155b,0.7173709680136415
ck_ab2e3fc56f5b3aae,0.3297411507608329
ck_1833c81d693c1e07,0.9400343049889779
ck_0308e0602b856445,0.01146776773611232
ck_ccbdfe744acff8bb,0.5543367397366414
ck_b294aa27a0b586d7,0.786664107002375
ck_a3747201f377626d,0.97474157375217
ck_edde1d7d1db24725,0.2693027522607312
ck_ae3b47d6e1063704,0.3535050102301561
ck_3aabf5e0f4defb41,0.4608112676315283
ck_f034adb57391f3d7,0.5183354578814174
ck_533672fb40531607,0.8335144901831089
ck_2a244f1ae08ef83c,0.07256503788425947
ck_a35d81bcc54ece2f,0.707657946546718
ck_78a61215675b38f0,0.16613046584820018
ck_e013d88ea7939616,0.06390433553753223
ck_e5018f9418e0102e,0.43931621557934164
ck_d4e024fcda401a31,0.24026724926580512
ck_f736cffbdb82db34,0.11685557432639818
ck_1507f5aa50cdf3a0,0.20413114151810313
ck_18270fee7c8fcee8,0.22959168074165887
ck_95ffa1a805a1c9d1,0.5649021733825221
ck_11132d245b94d045,0.034457610495697594
ck_7b93a622e40d8b14,0.4989014923826671
ck_3854c08d17704347,0.715993676050064
ck_7717fcb100dc4b5f,0.5354181821378912
ck_ba54e0a1c328119b,0.9522448425612838
ck_a7afdac4ecbf2de4,0.9146367850955988
ck_ecfb771ed2352085,0.3028903664560075
ck_68be4fefc85a6b64,0.8564149561476532
ck_dac7c50bd6d0148f,0.6751638170825303
ck_87cf36a03bd63c24,0.9382918646479251
ck_8adb40b168b59d7c,0.6329777502846397
ck_8d2f62930777416b,0.5716277452796593
ck_9958b58da9e3c21c,0.38338890155429284
ck_9440335375701f44,0.3843974912800543
ck_e2f88e202b6f700a,0.16165753009279446
ck_4c7c50684827a2cf,0.15589353336898285
ck_8a6ea4a79b1c7a8e,0.11526003107991885
ck_186dbff4b24a3bbf,0.8361313867078211
ck_220fda3c11c59b6c,0.7428331426926799
ck_3acccc69f8b1fd14,0.4585535471213702
ck_9de191bf79afd676,0.2600743119809258
ck_6de6b1663f9457f4,0.020700203815898568
ck_062754f8b79b86e5,0.2476997755461836
ck_aa153a89a52f7eb5,0.16088253051871623
ck_34a6bd3be642f15c,0.4255913310973071
ck_9371c700d9830326,0.41198818483217925
ck_a99e0c258ad7576b,0.212209475129914
ck_0a7ba51d626e932a,0.5888416684102937
ck_852c50bbba1ead13,0.6694199816503887
ck_43dc13b6b6d31297,0.4886321403964872
ck_7d81b59d615a6649,0.32798523051704515
ck_39a3f1da060e88bf,0.4331588727566509
ck_6fb2d142c09ed3ed,0.7569944947050953
ck_6e5752b87324b58c,0.2161677130150712
ck_9441d48a12e8a4bf,0.8873704880952862
ck_09e9c51eb538b255,0.7913267613160393
ck_8d0cd981ed3a183a,0.6989367897418666
ck_57c07c45269ca8c0,0.5802138818217322
ck_ccfc9ab888ba933d,0.8195584733330344
ck_9658a6ef471053f0,0.7045803292526678
ck_dac3852758f4ea89,0.3176885355158725
ck_b1ed2278f5f14d82,0.5312830433693623
ck_333544d173524f70,0.7454861483824098
ck_fd4582e3853ef23f,0.40824044733930065
ck_614d936cef98db04,0.16326760076229285
ck_6bc351a3d57aac54,0.12220224220996448
ck_af5842fa7202ff25,0.7040445938229137
ck_81307759252571be,0.15271737382073747
ck_b4d2f02d2cd45720,0.9460797738807195
ck_1bd753a4681946c8,0.9838529527464903
ck_46d8c029d46867b2,0.25858205456554473
ck_b7da6640fa2f49cf,0.9228586734438844
ck_9ea3d5a5a91fef9f,0.7712696726802757
ck_7b922518f667f76a,0.01550890465366847
ck_2a5b31594206eb30,0.9079220849714618
ck_d9506476ad3f9e08,0.170191947057254
ck_c8791f7ebd4d93c7,0.29775434680812396
ck_b5a3e20fd210017d,0.35565202306697324
ck_8e54386f4fe22cad,0.7156330690356885
ck_75296704f5806f56,0.37723655495397546
ck_0fbbc7a6af300368,0.23708077857380666
ck_d19bf4dc0627113d,0.1131704121852935
ck_7951bd4eb99a0175,0.22230262469843354
ck_059e4fac6b7f704e,0.48949819588846555
ck_2ce8931af02a2ce3,0.5133557760566929
ck_9e665618a4860306,0.049242738783692674
ck_6fce5a893613fd2c,0.009434282157987466
ck_9e3fbd04e3532f32,0.9170695609304544
ck_55f2ef0de3420e3e,0.07804640804589426
ck_8d87658a6f5d204c,0.9144022464248185
ck_6d6ac1f5dd882aa5,0.14798332729211455
ck_55d0c7012d7ef236,0.5629991734287392
ck_7738eb085e5753d6,0.19219436585943844
ck_0e6e05c3cc8c8242,0.1936212995989668
ck_8d27ff8383d48132,0.2999585024685973
ck_9afc3bb849f3a64d,0.37906922858053005
ck_27eb86a9898cdfe3,0.15027755457393893
ck_1d40e4fc541abe93,0.8982130670033509
ck_4fd9dc00e1913587,0.9803491566393331
ck_b26cdb2b7b165d2e,0.7855815425923283
ck_a79a27767a02e31f,0.8125759500426568
ck_f0c18cb9f951a71e,0.34779885923089776
ck_50460e0189de6274,0.9705403925202203
ck_5e5280539257c986,0.3867163799974136
ck_eeb854318b3a6f0a,0.11508801653837544
ck_943f66f28dd24750,0.03163383813412912
ck_984dd7452aee372d,0.5945864921179604
ck_ecaa6de0aca5e9a0,0.3413607697212969
ck_8f1cbc432e2774f8,0.6454113086686392
ck_d91d9f8445b9769a,0.9149810520061192
ck_73c18e03e3c7612e,0.07020593094269896
ck_aded05ada490da20,0.018218000148173635
ck_f744e208183971f8,0.6224103171530875
ck_02d4cef6358ad3b7,0.3195727824200909
ck_08ff5bd467226a5f,0.005314950110718824
ck_f824b326d5089885,0.8932527109068977
ck_3420f2fd520890f3,0.8856356234273279
ck_1838cf8d00f5b1e1,0.3675392136999158
ck_a85182ad90b6f1e1,0.1543855568575106
ck_fecb39c82c43e76d,0.1853833593301983
ck_162513e73782929f,0.6231019674951745
ck_2c27b77c59d8f23b,0.8757268339730739
ck_4221e07b17388fd3,0.7404551564491413
ck_adfb8472d5c3d669,0.47107192359294014
ck_0742fe64055d686f,0.07291688160409673
ck_5060aefcc8b6f958,0.5175010042975383
ck_643f549b4ac78a26,0.9026123854556941
ck_dba767885bd6ad69,0.02311801290305454
ck_0dda35c0c64c7073,0.9892314825041542
ck_38ea56d43afa5660,0.05910098868052514
ck_d813e15ac91f487c,0.5735132960277263
ck_4c840e5585a7b167,0.9066512065834091
ck_cb8551453a7bb929,0.09105636757733937
ck_05a00b1dd5a03359,0.0583379918488187
ck_837cc7fd48453a01,0.2619362489871257
ck_49dd816b31fba6b6,0.8996004359997839
ck_86a61d9a39768e87,0.2707875763157621
ck_cd0e76f0e7bb38cc,0.3586404158255901
ck_dbe58392635133ca,0.11184919302941929
ck_3caec7dd6f8d02c9,0.5547511219320516
ck_bfd9bfc5b6ab4a54,0.5942752910494202
ck_2103399bdb2898a6,0.14918648199263962
ck_329f7de7279e74c5,0.1600321041605189
ck_9bf0d28119fc42c8,0.5262705151519106
ck_f781539b1042dc83,0.14226678474823146
ck_9986c7d781ac6b4e,0.2607049087397836
ck_a627734880aca848,0.5316722722174759
ck_2106e509d77fdb4a,0.9470090598860679
ck_420d1a9c604293ce,0.5255050348417648
ck_fce0610c527e2b56,0.5723982307880474
ck_073da541ec3f9d3d,0.3086726796009194
ck_aa5f3ab48c17fed8,0.9091950553022639
ck_0fc1086e1c9e04b6,0.10639131354794597
ck_5c33bb46c1a5945b,0.5679497389263919
ck_500948a8d4bd8e13,0.8246334124034097
ck_19becd44f2c3d2b5,0.8037282242819519
ck_7d0fe77dd5ddb656,0.7736211661269323
ck_f158d9e5f101bb35,0.31297167419919236
ck_cdd7c77823c2257f,0.43741576541997296
ck_6c7b41374f9b2e55,0.17637949008759748
ck_417090dbffb1a63c,0.5333148965920881
ck_dd0e17605f970319,0.7526332281789201
ck_3646515079e6be55,0.29938711063896173
ck_89c8b06aa8c84b2d,0.6252710404824771
ck_e4d6dedd97233c07,0.4086782445075011
ck_bc82fb1895fddde5,0.3199253716804202
ck_88a8b1d442ca3686,0.364218178078648
ck_5791f8f76a629a4f,0.7426393853447956
ck_9cf5e88e97c8c7ea,0.39463776617552443
ck_58fd684aa5a6f289,0.030790193639851526
ck_9800c21dfbd8e811,0.7330969065827759
ck_8ae64df60ab6ccda,0.1622107709271215
ck_e535fb0f0c00418d,0.7057991741601046
ck_48011996d54855ac,0.9245976162389015
ck_ac79c72a8fe3fdef,0.4618163576113333
ck_b8cc2df5192bc49b,0.28133678950099805
ck_e96a5e1f08f8a867,0.6047226119485504
ck_84df6770549e43fa,0.21802301907461838
ck_e5f7b99ba6ec5767,0.48927529709435424
ck_8347455ab53ff620,0.22171949682049008
ck_a84f2cdf695a71d6,0.3303754075456623
ck_90456160115f9ef4,0.23403780581118463
ck_ebd178b3f3a9c50c,0.2539498082160161
ck_e1140be6157bacbe,0.08661523025810124
ck_744ffc11d32b96bc,0.6417896989937015
ck_e12a9f7d027e3387,0.07535545014783736
ck_cbe525da0b69f18a,0.6280360271042835
ck_aa59702537557ff1,0.789165549184017
ck_0348cc6908f7f3af,0.14467737960325366
ck_120e995d50956bee,0.7441906388097888
ck_9fcde1ff46cbbea5,0.6964668316042724
ck_54b0b070689c50d6,0.07153102235581363
ck_966a167758fddfd4,0.8137399192848095
ck_d5194f2e92fd6427,0.3470124388753897
ck_2ee84f3fa27f2cb8,0.02736894761479041
ck_57d0a7eb7eae2eaf,0.6393132933827779
ck_6a2c4edd82e10969,0.13091889932945927
ck_96e4d38ef670eaff,0.3956719999269772
ck_52cc2fd5095b169d,0.4203758678418643
ck_4b088920f3a844c1,0.1853151823878682
ck_8f3ccbd20d59f1f4,0.27789324527582937
ck_e5e5dc431bed6f9d,0.49180135300857214
ck_e8b5bfa6838e28d1,0.5867845010670751
ck_4bfeb78b47b7c6a1,0.7209772365722202
ck_a705c61bd679496f,0.2719416872738034
ck_731869a0c39cb2fe,0.29526035118414595
ck_259eb102342057ea,0.5285273581218415
ck_47a6005fabc33551,0.35329940206918836
ck_682262b455a9edd4,0.0023636657659270458
ck_e839d104854945f0,0.26205724763395233
ck_761989aa4c47d746,0.4623644816754185
ck_44211dc210139ed3,0.4418164902642444
ck_9915ceedf63a5289,0.5757542028285434
ck_da59ab47cb6284ad,0.0031753139755153438
ck_e5cdbfcca2456652,0.07931205389402213
ck_13f2560c6a1ec62f,0.6569204802877714
ck_a0543e9b3abe1001,0.909890485679745
ck_11c7a58e09e6547b,0.6026634869431797
ck_69587a134d43a4ad,0.6711022327108794
ck_28dc0de0ae291f37,0.5343864510525065
ck_298922703c5bbe05,0.8128311671859589
ck_fa5ba9ed9ed6a343,0.1631229541580317
ck_c08e64d424e56c05,0.7490438934920445
ck_598e036a28262aeb,0.3311960860832933
ck_3f7c870510083a51,0.3283066503713546
ck_364f8203a3e98d36,0.9269172750635957
ck_7333cedb61506ead,0.32816381730012156
ck_1d96d7fd65f208b2,0.8825224709791908
ck_63133a79f23e2627,0.4465980770564333
ck_901d820e0b72abae,0.05508919772015208
ck_5dd80b3c01457bd8,0.37715421374199887
ck_c0b8067c144ed6c1,0.32452173973812565
ck_cebb8aa8c8f62c60,0.3662872436536194
ck_79749eca42ff1f5f,0.23821577259216586
ck_2cc1d9b587f6da31,0.8603316667457619
ck_ccc7916b56d42195,0.30837151142547176
ck_e43e53cc7b8b8e41,0.3465455943601915
ck_4ab74a6e7450416c,0.05402075910737669
ck_6e44024e9de301c6,0.12322302711156898
ck_dd78cb6ae2866cc6,0.37164516059981667
ck_c363d3b050baf3b8,0.48831981730221163
ck_2d46291975f0dd08,0.3627409603015519
ck_76ebeb5aee42f041,0.3239325629062859
ck_8395f004cf4d4c08,0.5878415657389231
ck_de7259c3741db179,0.2124990674264208
ck_3938e92585df2b34,0.4835563449848966
ck_af69bfcf4f07d932,0.6826641683744392
ck_1723900ab9afe374,0.7455969562899809
ck_3d58628d1c853c8a,0.3481952520410041
ck_12a074db100481cf,0.8636517058835733
ck_8716cbf892c50e29,0.3003602546394606
ck_fbf7351958ad9615,0.03398299968494324
ck_a50370907e6b397c,0.683278644778423
ck_937402a60df0821c,0.015004342858157637
ck_8ce9c5807acbef48,0.36602319575071435
ck_acf7d65eaaa4c31c,0.45939821700322486
ck_ec3eb6dd0967cac5,0.7906661807985239
ck_fc832b0c90c9bdb9,0.9502663044156927
ck_8129e81cde280131,0.24706823617989482
ck_52c0ef68aa2fb8cf,0.190724085827238
ck_06f042e9b1b662fd,0.756916144942603
ck_0bf35dcf7b38f650,0.19981111187564127
ck_615763afc2e17a7f,0.252624273303649
ck_e72db9d4b2fc9997,0.9914544820882399
ck_13757bf0eeb353e2,0.09812241189753179
ck_abaf371ec8249c4a,0.6242726498867232
ck_9b7167da0920c37b,0.831036508034614
ck_2e824b0b27494a17,0.562719209895453
ck_9a0b605e9c3220c4,0.22394165839536576
ck_a5276af466b681de,0.005688028404937118
ck_9e0383e1fb6e214d,0.9101201658841993
ck_6a27c44b691dbfac,0.1441864711928699
ck_af39767cf583905b,0.5153304858057062
ck_243b1b9fdd3f9a74,0.005299348869711412
ck_c0422e638a9c6046,0.5436712726679667
ck_e0f3ea3373dfc4aa,0.514042445137165
ck_d56ee1654378ffc7,0.06421667662060727
ck_20cd2f5666719baa,0.1748200409041675
ck_4dfa1c1e9b69fcc8,0.07996975811784464
ck_5d22e9ca1d15180b,0.9280766351841527
ck_f4a7ac178fd55f0e,0.1115582267534731
ck_fd5609bd23a1eaf8,0.06220684533139763
ck_49c3bf13dc9471ce,0.5536669173044648
ck_724085c3452d4693,0.8997148786834978
ck_e5d1462846154a75,0.4941398459718598
ck_c69ef0f3e7d6acf9,0.9061871680180614
ck_a2d0417791d4132d,0.027285059866432322
ck_00a07fc2a9183c3a,0.08054127600892452
ck_781b8288e54ba8f8,0.7164239435172501
ck_d74a62ab3804a81b,0.0612185041080536
ck_abcbde211b6267f8,0.5702366357304491
ck_16dbafc035574654,0.3740277315556073
ck_018f780215ecaf38,0.6520709604968646
ck_0b259620eac51618,0.11436211153214243
ck_4f875342394c110f,0.6366863551538329
ck_399e45e5fe9beaee,0.7543537177252887
ck_36224a2d394ebfe4,0.808741199168555
ck_c189b551bd111332,0.25382040987205723
ck_125c5a720ecb177a,0.619506878630786
ck_76d010aa02eb477a,0.019230845665889295
ck_1071d14c46c92379,0.9330670215119644
ck_61d244b2cde483af,0.11520889700720008
ck_2ff1860da2004c84,0.1617585393472734
ck_c5b583490198672d,0.26482754987727486
ck_1294f7af22fade11,0.7453526729862556
ck_e3a22799716df39d,0.1898378105156709
ck_c77e22834ef97005,0.9370139512018226
ck_73d3689728270a2b,0.028246228060268785
ck_295565fbf77ef885,0.15771697770763637
ck_80c0a7f54ff4895d,0.14452882166336556
ck_f1ef5cf7f10b16c8,0.6413228531788818
ck_a958b2461ffc21a2,0.4745564064942499
ck_0e7899a57cd617d6,0.06382685437050471
ck_9d4fed252718f58a,0.26178206059909925
ck_83c2c34add971d76,0.2343620507201233
ck_9ccc030ba2de9fb2,0.5704461805253698
ck_cd691e3466fb3742,0.5201010332447092
ck_49df70f908dfd069,0.743390441962767
ck_362ce13eec1e33a0,0.6246500717195704
ck_2452a30397dfc54c,0.47180784349708405
ck_a443d49c2b4863b0,0.19429394543357018
ck_c8b2e2cb349dd0ff,0.18563808352193895
ck_354909fecf5da8cf,0.3758361760754879
ck_841f598bbd54c83f,0.5143267279963508
ck_cd6fbd4e8724f994,0.8099135209954615
ck_e0b3158111370118,0.49057246778945274
ck_4c2f2eb657c2c60e,0.24515841919809853
ck_ef346071f0b7654b,0.515735084678128
ck_f3bc10e3decefce4,0.12858514706006655
ck_189b6fbe9b9192e7,0.19174890367692077
ck_5245cbc5ff4d4fa6,0.2938739689523822
ck_cb42e3be6fe87f60,0.6728433077369557
ck_966d4d713cbc7792,0.29361320396449997
ck_1c8c969667cbaab2,0.9663409751570374
ck_d35e3aa9ef5d405e,0.7592577432343812
ck_a1c39df50a5873b3,0.8092171830866882
ck_a152165caf295b51,0.337142956536225
ck_891eaedae139828e,0.15293322963146883
ck_1a46b56f4734d52e,0.6114654245271682
ck_5e36042cfad96c99,0.9396868286941094
ck_02a8582c2603e675,0.3358320825121608
ck_6def9d0429e4ed4b,0.5588293111761876
ck_e137400825a1e3e6,0.08206491934946697
ck_d91ab840848a54fc,0.15838949254694668
ck_becb6e1c608e0078,0.09201673952952333
ck_6fd8c86ac719d7eb,0.7611735463433322
ck_3ed4d13f12fd9d0e,0.45240968847577173
ck_007337aa99a4891e,0.07450012798893574
ck_60c3d8306527a08d,0.2911382233406684
ck_95458880a54df0b1,0.8848306860247565
ck_b48cd8593533fc1d,0.9314418081239298
ck_021c6a4a7e3f1f0e,0.14149047256899167
ck_764d40f865e710af,0.18320886912472084
ck_4b84357ae8ec7777,0.3996463988819775
ck_3397c7856b4669a5,0.026676773216118135
ck_920bb003b42e6310,0.03588100504557697
ck_8f59f11b512d5b7c,0.677954433225868
ck_a3acf4b986afa98b,0.9023723177010793
ck_e89d25ed7bdeeaea,0.24567135879340385
ck_70e6bca473bf6902,0.020055669806379302
ck_186161ce152836f5,0.1822460289387251
ck_9191579254663f5d,0.2922744410210535
ck_1e6628879e9d653c,0.3261609371820844
ck_b498fa91a0776ff6,0.8909436866806648
ck_cfc2384f22954830,0.6846070414120785
ck_17673a1c2867888a,0.19707356444607355
ck_523dce06515b072d,0.6867307886021641
ck_c20638a325ead2e4,0.19856751859482472
ck_d3877e1f907cc148,0.6212646265028974
ck_e9a2495dea8675e2,0.4991056774506245
ck_7e561caa5fa1f3f1,0.37841851210769273
ck_455672e652fe1abc,0.9759105056888118
ck_7f8f864fcc90ca82,0.7553977216495489
ck_1ad36046aaeb816c,0.09549039106110298
ck_de056e37c82e8e00,0.32019278742115886
ck_7484c214c889fe7f,0.621397882494062
ck_32430e678c4f9f53,0.28005126544846853
ck_6276ece8f80ea799,0.5860617947842113
ck_ae8e5dc4b725bc25,0.858717494165673
ck_f01be92dc78a2dc7,0.4066404206257661
ck_233397a8bd40d38d,0.33194402485821134
ck_f8124911450fdf31,0.9523632810670923
ck_aa0a3179f1111674,0.08141798810831502
ck_2366b29ed9887a5e,0.11281482624809298
ck_1f22f04dfc08cf27,0.0847017713712805
ck_b62276c3426d680c,0.1034810874037056
ck_d099fca88691f66f,0.6851808324324831
ck_166bd1dcbaf4d6fa,0.4550569862468782
ck_7b1660e942436e12,0.7398763129652892
ck_4a9a791a1d409a3d,0.6285770331786613
ck_b003e5b54df65db4,0.22772182600030155
ck_64b4dcbf436f0b75,0.36910783588608953
ck_26e9a7bb2061a58e,0.9264528329297139
ck_08b77ad5f8f73007,0.5377959607009899
ck_366616a725afc6bd,0.5430261472969432
ck_934fb5064b6eefe2,0.02665453483083752
ck_c6abd5d57b1009d2,0.3973189945843559
ck_edcfa9e1cf29d813,0.6394360890293345
ck_c30201ebd003fdc7,0.16918671935228233
ck_c54643d94d3ce355,0.5100335804097025
ck_02adda6e91e49650,0.6089769158338976
ck_5b73d7c5255e58a3,0.8501123629655903
ck_129ffae92dc01408,0.0008715385829396945
ck_fa321945ebedb916,0.2509270305966203
ck_8da980cb2e1e2bfb,0.6441138293339502
ck_0576b00d728bdf19,0.3492245767188983
ck_c543d82e22b3c8a5,0.12598639957958302
ck_0027ba644f9ae2cd,0.8704332862452302
ck_8dbf61df902a6bbc,0.16436951172295214
ck_90eeca1cda79fd41,0.2595509059489029
ck_86d7127391d4e01f,0.17186160352768529
ck_73762038c7ff2f6f,0.09042217338632552
ck_a1484e6215fac651,0.9414287033810568
ck_cb83b9f806e90dc6,0.7840778288359309
ck_8c6f059c95872126,0.08371153110155265
ck_3174419a81e7caf2,0.13879484577285442
ck_6a0f8f8fa4a3c2bc,0.10924073001380698
ck_b5777605668bfca1,0.016890780481753208
ck_27e4de495abb4d15,0.5083242224064514
ck_7f6fa79c7a107161,0.44817212210532853
ck_c36ed9f8e6792ea4,0.3586491535512012
ck_67a1aa88d2ea554a,0.7524475191469575
ck_09748dfe4df3d540,0.15083441881713688
ck_27fd85b1e38b675a,0.38062241108729133
ck_2369689bd795ee10,0.0034088672316607916
ck_4eb1c12f7d092bac,0.24492187129053927
ck_01fbafc42c8e33f5,0.10454586751862427
ck_93c4e05699b3b7d0,0.12107647298827956
ck_afc484d1b6907983,0.10716345234364716
ck_1b2d9cae92a1aab1,0.6739554909136187
ck_73b729cb161487f2,0.29817730451618785
ck_fe3c1d0ac090d960,0.7679797064536702
ck_408efac1d3885ff8,0.8537826635336203
ck_ccb4dd9d0a48a76e,0.08773413387569962
ck_2987eab34ca7805d,0.47397022375138353
ck_1dbf1f15193197db,0.7538640730911705
ck_4ed711fe4053e74d,0.8544633027684996
ck_6c54adce174f45f4,0.3737398209220082
ck_a6c740041faf0bd5,0.16726531078607296
ck_b05c4d33c4f43639,0.8274397229988473
ck_032880f1114dd51c,0.811946303272657
ck_22311b037456a76e,0.10647515885849837
ck_5866b413549765bf,0.19147111050094898
ck_0e808afe2570ecac,0.1616895577410784
ck_634276b05f4381f8,0.8164857106603229
ck_5d8773badd0d4740,0.4136848023742402
ck_82b5b79ce3517102,0.9600473539673459
ck_b378b8d8100ee4b1,0.24046975738225435
ck_54e581f71be5430d,0.11069895846763769
ck_798ba4b8aa544fea,0.1371719901026353
ck_3fe86b6331ff95e3,0.7760029309176395
ck_81275d9d4c559e6f,0.17760916732530743
ck_99a4e5ef02d89493,0.5110492654067709
ck_54e2eb018d947790,0.32787448132631974
ck_966901ea9c77cc02,0.02320860255628132
ck_27d69ff4e0cb428c,0.6361648707752723
ck_2cee2dd7bbfc09a0,0.9573683836432887
ck_4136b00924695ab4,0.03278925034372648
ck_59a164c40c03a45f,0.11289034233881681
ck_3e24b026bc66789b,0.07454492172748571
ck_8105bcf69a75ee47,0.23039005838886484
ck_7a1782cefe26a456,0.5846286725490621
ck_970c7dc195161272,0.12400997345047812
ck_a48ec0c00ae20e82,0.4923061659601157
ck_54b374ade34e1dc1,0.14333838407645227
ck_74e5dec189761d14,0.28072814149330455
ck_4717f24f2c6f40e1,0.49564623936843155
ck_fc8cd8a8209e802d,0.3950047121243716
ck_71db4131d7efe218,0.2525434696057067
ck_45424ea6f0bc4650,0.8775693312303754
ck_3716c6181a5035bc,0.7981385163110137
ck_26de14b96bdad4f6,0.21777426726783422
ck_99c0a41ac9c73857,0.48493243002913244
ck_645f15bbbcff3b4f,0.982567422558006
ck_b7e25ddd41514d4c,0.10965097509057728
ck_d5c14e877ca7b755,0.3642848230688198
ck_05ea4440dac6cfad,0.6712145791478761
ck_c58bafff7b1955cc,0.713145192804765
ck_f0cf85b67a9b840f,0.1850931465342751
ck_ce1500a7f0d03fba,0.04252462164925596
ck_d4972a775aadbbc8,0.13343640663420323
ck_3eb6146c262e0fc3,0.006863379883066879
ck_afb23858a4ef42ed,0.9824508129843474
ck_2c1def5c91c52a5b,0.9428234572623646
ck_72e550559487b919,0.23308275761795705
ck_0284dc2b4f856b3a,0.9021429680887223
ck_03be334935e999a2,0.4124791473227737
ck_e35a4b4a3cb4cedf,0.5393252400582433
ck_5abe57dfff4b735c,0.2702355210358664
ck_f5f87f772388efa0,0.6436561916414589
ck_5a22cb36d612236e,0.3187457700969871
ck_8ff1e6028e764472,0.9676237478339145
ck_2ab28149b0986642,0.9258730942582343
ck_c88fc1bac79fa6d3,0.867445016487089
ck_5b137d74bba6b1b4,0.006788156045733762
ck_11f362dca2dfaf5a,0.4397724197561189
ck_7f960541e5174565,0.28292287210328704
ck_d5458ba39ae94498,0.1371741685600914
ck_0a921a73a90c2e39,0.34130567253422756
ck_6ad56ef40086dbe4,0.15354185164238932
ck_b68199ecccf2350c,0.0632681527390697
ck_6dac66c8198c07d8,0.5974312914610715
ck_9b9ce7bebc235fe8,0.10226056236880754
ck_6b817117d87063a8,0.6465303366201856
ck_900d62b3184378c7,0.22663730559402945
ck_eafe9b89857149b5,0.3465078398058233
ck_e74716a525ee5b24,0.2223419330143387
ck_4e9a6f06ab134102,0.2500647294881421
ck_b0d33b5a3716661d,0.4601647027114063
ck_8703543bf3134306,0.3952942929514973
ck_923d6a0f83accef1,0.48612621216463947
ck_52e37e2170532e2a,0.7261523211377481
ck_c1c5ea839c58958a,0.6196222123972848
ck_660f0006780e87e7,0.26180328499385586
ck_830b2c5d1818ac07,0.8215972138059983
ck_b080ff636932d1f1,0.3838580332373576
ck_38730aace405f2ae,0.9955504610748374
ck_9790138467a06223,0.28761512396681144
ck_10de0b0d86b17839,0.6002042468648817
ck_c3e37a4d3382c32e,0.009783381378125946
ck_dd8edfefa1eba531,0.22247788875416113
ck_8153cdadd300d234,0.1353395097738748
ck_74d0e7c2c6b63d36,0.9506177604302049
ck_c478aae3031bb328,0.21307249885888102
ck_cf301f2194975866,0.09385765663246232
ck_f4de03f44e3a5bd5,0.2958507476871386
ck_b06ce826e593b210,0.6560114768791393
ck_2fc70b6baf6a0e26,0.1627197028336756
ck_d208494cf5c90047,0.6129488985019675
ck_086d29ccae565e5d,0.09537115800145628
ck_d5ef6dc116dee408,0.12238405838615915
ck_fdf0c5b722d83464,0.6091801168914257
ck_de8494b13adeffb5,0.03184142252046074
ck_556786868599143b,0.6381480864061441
ck_4940e78cbdcfecf3,0.497240850747128
ck_d32fbbfe32c00416,0.15223347964402556
ck_bc7710f7e9fae649,0.20198947769706763
ck_416f7ac57da081a3,0.377637602843062
ck_6fb39b60c67d5475,0.22298482423355281
ck_e40a156511345d6a,0.012923881794783662
ck_49ab879b5aa7fccd,0.7279955467612347
ck_bb643194d1cbc47c,0.9936775536383173
ck_b3ce8f1bcedfa043,0.39173973854495925
ck_558ebde8c29132a4,0.28849867897694803
ck_e6222925762273b8,0.8307563037635326
ck_bd80546b4807dd59,0.5259808537332846
ck_bd21164bd2bbb635,0.6725487788989966
ck_ea835557d7043667,0.0680100162323036
ck_1411a80a157ff39c,0.46840608116021343
ck_ab973888c20c9120,0.7571522826410217
ck_95b48972061abe82,0.4662181302913574
ck_fc4a43f8876bf10f,0.9164865082454332
ck_f34fb7ccf82f41e5,0.2888024128459866
ck_5af9934a56801ac0,0.530311189312977
ck_fc7445ec76389a58,0.8910554870655482
ck_1eeacc26f02fbba4,0.4455131401025032
ck_4f325dd15c9bd45c,0.7129981558529028
ck_5009a6c8bbaf15ba,0.5166339002889837
ck_0f3de7f074bb33af,0.30206347604058414
ck_2cbc2f93a32eede8,0.7732813037836208
ck_4bb90a61c21a303b,0.5001615995188173
ck_3ade9eac7d7b0dbf,0.7614092541987677
ck_4859a58629622915,0.8222988056293115
ck_5fed957287ebca03,0.4816608576279636
ck_ec01ae5351500355,0.4641502383596905
ck_703b41624ae6a5b6,0.16317752459971616
ck_97c38e7f61c27e47,0.32973226940319456
ck_db2c0908150cb2cc,0.4264854368026849
ck_64ac5e6fed86ab60,0.9929753188532396
ck_da1c853b0a061e83,0.6430662164520328
ck_9a36916b60178ded,0.941546306833348
ck_3715bfa7fed2c675,0.4407345192377924
ck_dd3feb77d7d4f6d3,0.39330271036885467
ck_982ebb24174a4ade,0.24434519388403758
ck_f6b7a10d47dd9a1f,0.09128107783880342
ck_1f56fe99f250cdf4,0.5071126476947831
ck_deb3ac0606d6f6db,0.3913570230298764
ck_e666629e5a41b39b,0.2027567613749624
ck_756d2c13d02b3e09,0.19081546805625366
ck_7bc752ae7cf5d55f,0.5748748368716539
ck_fc0cc4b25e6a8194,0.0622622085432384
ck_9b2b0e286de78a1b,0.5079239808519116
ck_24b0803447211bf3,0.4103088090483057
ck_82eed68d05a42128,0.3925680642508913
ck_c8a03c516ed5b05c,0.6053377203424928
ck_e914974cee1bccb1,0.3727367957815531
ck_0c533ff2d0f9962a,0.548418212464325
ck_c12805fa5d970a83,0.6484512544837612
ck_fc2cb29918631f10,0.8392302921631543
ck_c20e89afe575549b,0.03972803238762379
ck_e1ff9e31becc27ae,0.785288767513088
ck_18116d0ac08f1996,0.9402678440699495
ck_885a83975cea5e64,0.5241882313739974
ck_a0c3059a959ba5d1,0.728144532321038
ck_75257ca7d7da2861,0.7659274038510775
ck_2210f7a0d13bdbef,0.5895806442456548
ck_9cbd9ecf8374f65f,0.15818078673266484
ck_18f67c00ba21fbde,0.10942178135343128
ck_2d28f14d3973d8fb,0.16355471232385382
ck_8b3401b44aaae728,0.12512391948071733
ck_9d8e9ef37797d3af,0.8899020231430611
ck_9f50920c894f64e1,0.11007621957451953
ck_4737e0d56c6fa0a1,0.4562788151805965
ck_52c311f29ca3aca9,0.2220631366688433
ck_6a4981bc721df37a,0.19594795506559126
ck_823539d936c55fc6,0.25802127532621877
ck_df5aedb4118020bf,0.9517790513557945
ck_a911a066ff0f7b56,0.41692753011846073
ck_684609767df4a14b,0.5402669464499911
ck_f2350bf355dc919e,0.07927258798503858
ck_8452b6cf97c65a5e,0.5207498063702393
ck_084cd84501012218,0.9072285128531197
ck_ace6b72e5bf3e93b,0.9101207184294631
ck_2afdd69094c955c5,0.6408625826911112
ck_fa7d5be26bf7b31c,0.8315896232214028
ck_4b041217690fca2f,0.8098056518294814
ck_9fb8e3d38cdf276d,0.9605146383823171
ck_c1ee56d65a42f59f,0.43825253608758535
ck_fdeaa1cd085691f0,0.6891791755235779
ck_5de33a7a87e9aa62,0.5890472723277356
ck_7476e7fe1ff45545,0.695533743687961
ck_b0a947b498e47018,0.2994045008813845
ck_e3894ed88a7977e4,0.5079859250308889
ck_c7e07ebfb0bc15f6,0.4433716803637334
ck_3a3daa8b376f2a18,0.30391872449350604
ck_87809324c2675b0a,0.3869972049766739
ck_7eb4f33260f1dcd4,0.07583345490958626
ck_ab9f0e08af030060,0.8072463080260551
ck_5b8fc4a76f340797,0.48394046163322846
ck_0e7bf10ef49aa818,0.8115738165978866
ck_a44462a3853ac67e,0.984905053149061
ck_2d14bcd2e0fc043d,0.1000155257859304
ck_df1f2dba802296be,0.9706592727314155
ck_466a7316eaf149b1,0.8326291216924782
ck_50df50af592b0c06,0.08547603073538139
ck_5f9e34c849704b95,0.2929644874451609
ck_7836bf6def26aa87,0.8864445349812289
ck_ba175b1bd8efaabf,0.4414326952892986
ck_1a0aac7f7b94b1be,0.8322483595478577
ck_6768c4b2aa8ce586,0.3714938930880529
ck_eefcf0ed15897898,0.2777399587056273
ck_7a6cb27e390b6ceb,0.0703140678977093
ck_5275be4e1577c1c7,0.5464447573050308
ck_6bc0e5b8c0b7d2bd,0.5201207413144319
ck_4874bdec79f9106c,0.6263615248067007
ck_a678731156ad7bd2,0.8802232256879099
ck_db906debc36a5d1e,0.7660463212645852
ck_e87897767c612942,0.21584511299231593
ck_45ed5ee496ef8a67,0.7654561327658953
ck_ae20e28f9854f3ee,0.8084971580468518
ck_9ee044b73943a90b,0.3267487106941104
ck_dab34cf6f0626c9b,0.4652345390440896
ck_64a02b7b96149810,0.10453074712551158
ck_c417d06f3e94685d,0.696556383092589
ck_3e0149cdee4cb294,0.5229205709421809
ck_0e6046fc30f81705,0.37585949916075717
ck_c383aeabd53e9c89,0.41339903418030033
ck_2ef76f1f36e8b869,0.9220473011563465
ck_43948784650bb9ac,0.7300964485794241
ck_bdb966f43ac350ee,0.4692615988895704
ck_5bea0e0ee0b094cd,0.6582433836078898
ck_dff090f03ca5529e,0.14422840629735992
ck_a4691b57f837d88e,0.2139981446582247
ck_99ee90946395d74d,0.9813987775120927
ck_cc81dbc83a8879fd,0.41270180498551245
ck_f3dc0725621b3a35,0.21943877406595574
ck_1bb212d1288b9689,0.6534058175633808
ck_9e7278fc7679f002,0.6260797969371017
ck_3ded7a8720d7e311,0.05081006743133589
ck_798157bcdb9453e1,0.11680297000346701
ck_9fba80f56f357fe1,0.1203772325604156
ck_f1e1c8491f16f912,0.39056653977679273
ck_7b1319a5ca2f63c6,0.9961359499183511
ck_124432fd5c92af7e,0.9508499499128387
ck_148cb0c723284dc0,0.08829972657299202
ck_b56c62c950eda009,0.10835413973647276
ck_a0498755cd8d7188,0.02252785914643917
ck_5379452a9d74efae,0.1986674109826737
ck_6c2453229d608183,0.8434618631324144
ck_f9d8b4813a88c1e6,0.15500311032277694
ck_c2c7d1e45a521857,0.19045579736722992
ck_4364a83a11743888,0.22939097088218416
ck_2cdf5fd97ba75e06,0.9217004461072283
ck_71bc01291e0533a0,0.7235584930343721
ck_a725d7aed2a0bdc2,0.23056125754964038
ck_a9b0c4dbd7db6a91,0.8397993578912828
ck_a4258806a533efa9,0.3688229501754339
ck_905e460591d9a278,0.8791907291251789
ck_20de8abfd8960ee3,0.36623891257502517
ck_252b0a0f1119b220,0.009860564070571192
ck_95e4bef65c36af1a,0.4285928761803649
ck_5ab68b434ad53fea,0.06772101264043205
ck_13677a1957078827,0.4723848379017293
ck_d251e9fa09e542dd,0.995901485148013
ck_700cb620f300dd47,0.20171021082353682
ck_39a68c55a1bd3ace,0.8356711865528619
ck_61a59a7944d6c53e,0.9701903376630726
ck_db6d1c6d31da967a,0.4047946863885852
ck_650020c500b1b50d,0.26879182484689973
ck_d812eb6930192793,0.019808083129753143
ck_92f6ebc11ebca89b,0.8203189625632967
ck_d87e26eb5bc84b01,0.24543089733401124
ck_66439e697695224c,0.06685952757685114
ck_f21efd504faa654c,0.16207821447332355
ck_15eed0f5652f0352,0.12513185526499598
ck_bcdbf57d98dc0d27,0.6248179085639236
ck_873ceb8004d3a9f7,0.5131500245811849
ck_70bef9ddd4bab005,0.10679198874677823
ck_7560f1891d66f294,0.13051352191823215
ck_f439f16f8693883f,0.16923252008438325
ck_14f9535e53f9c7a6,0.587343836167389
ck_5984be472d2bc267,0.9045700854730557
ck_ed01be7504dc4187,0.7090870937563041
ck_dc3d8b5c17b67ae9,0.8124879715304907
ck_9dc23031b6b494af,0.7022547884373833
ck_fbdac0221bc03f66,0.7826912806721511
ck_863708a99b92ef0d,0.17573217173536865
ck_22b52654776a1ea8,0.988529791786943
ck_a0714f98001efa0c,0.515708825681417
ck_9c56114f84e9a541,0.30732664548259037
ck_e155cf506b2fb699,0.8087732348935529
ck_65ed7e72f24731e7,0.23564845299804818
ck_822d6e8e43befc72,0.9205407627705975
ck_b1182471d9ac6b26,0.09900798047473305
ck_821446adc95e6da5,0.10242640498439626
ck_ff182f033134dbb8,0.6427972463919633
ck_9c5feef7647b0588,0.33755809048825214
ck_df935d8bdd44883e,0.09449453919969317
ck_01eb24c18ad11fca,0.689647410420831
ck_00d6730134a1eb51,0.6701193303191394
ck_79ba8e85678d0224,0.5164225013794929
ck_97e3b04a1350f6e4,0.7624357216382711
ck_74e9747954a46eaa,0.6273188604492852
ck_397d5fcc9972f909,0.43328669734724934
ck_9ede89e8a43c3f53,0.5936395478443535
ck_303b33910d67f306,0.09023646811873656
ck_3c17841636f6f7dc,0.19622521884457217
ck_78730527f8ba1438,0.8588271081530143
ck_5ee32bc6bb5d1d4c,0.8340713851878726
ck_a13fee8cd925d0dc,0.33233025263395033
ck_6f847263379f2e43,0.7191441920179253
ck_9b9d9e579e7b55b2,0.6710565482710178
ck_87c1d0a79e79c84b,0.40544881176133835
ck_bfc453eabb472f91,0.8934787920800146
ck_978c21bb5fe3171e,0.3612004020039238
ck_dd882323474431d4,0.771582663227786
ck_533c4f7400d5ab22,0.8541189463337947
ck_5f217bfe28954e75,0.9600491245033675
ck_ae96d35465b3b4bd,0.19853044901399997
ck_512ebe97c0af94dd,0.8959032757084509
ck_f558fe02bb0219b8,0.2847686485191278
ck_84092e23d5ef4d51,0.3966270955997033
ck_17d3022ca12eacd7,0.44377201089216983
ck_8a8f81bf3558fd9c,0.2918749550771931
ck_0ada6fed1864e7c4,0.3650957960375685
ck_21fe7bc59dcd78fb,0.5484254848389103
ck_e136e20c1c74fe38,0.3547940025000808
ck_e7a530e09d113dd7,0.9019099571129525
ck_7cb0c9ded4d63027,0.5595578670261094
ck_102db9615e722c9e,0.7468704803506618
ck_129e39ddfde92eeb,0.0961938713493925
ck_d730ff21bfd7769d,0.22925420166530164
ck_54459b45d2be8459,0.05551364122698366
ck_7f1c20319eb60aa6,0.9977749704803746
ck_939fede90473e412,0.16663281144307973
ck_e0f9506a6d5f4a1a,0.6764735708133733
ck_9a4967cdf49265cd,0.8917487140908371
ck_b9eaf03453ac7d5f,0.004940455691599895
ck_522477be6376b450,0.20541296401040554
ck_9b6282e3bad50710,0.4789806899550677
ck_a0e3a2facd508e49,0.7554366350104567
ck_97ffae702f7c3d08,0.04257065265381165
ck_344a95cb7115ec67,0.7113171433611835
ck_1f2760764afa45e8,0.5821290870722853
ck_720cd658d11ea428,0.384497957879674
ck_04e32ee9834c088d,0.8828690795675249
ck_2bb1389e5e72c8f4,0.3851329991832016
ck_961e7dbc217cfbbc,0.08047794599935336
ck_f3bce4eccfa6d6bb,0.16843066123589134
ck_e0ccfa0d689339be,0.18878178432669368
ck_98217aeafa0bfefd,0.20185857111964978
ck_a02aeec1914c158a,0.3932646228235067
ck_20a17e8f206a14c8,0.772757818948253
ck_114c32aad4b6183f,0.6785925963551499
ck_79f5198f0decef20,0.010382602387864329
ck_2209de229b4c71c5,0.3834400786678599
ck_6ee939b7f396975f,0.20595486937341673
ck_202f0c14b07ace01,0.5460456395509852
ck_fa24db9d416ab904,0.6685891161755566
ck_cf6aa24b92c4d33c,0.9375946520943941
ck_45f57fb8194cefc8,0.5506396337386279
ck_d5eb179dc45394c6,0.673158314162196
ck_efb24be983342f75,0.7281498390288144
ck_245f5d62ead5ef28,0.4891555399622139
ck_15fe2a47fa7e92ea,0.02559468863858904
ck_b6527a85fd682554,0.5800860696586769
ck_11f9390a11ce9ff5,0.4684532596593186
ck_ffb4d892c5158201,0.2846443669896931
ck_d4c1da5a1427fd6a,0.7992903542276449
ck_2c041b1efb1c5063,0.15422409755436428
ck_ecc18f40b33be769,0.7838954656045007
ck_0525349f3945375b,0.6927156368514725
ck_0bfe62e0c7eab9c9,0.6279927124261786
ck_b7c37d410b1646c2,0.2574692325793291
ck_4b15b0746318cf42,0.7297248956457651
ck_e5ee006ecd8ff661,0.7016064835414332
ck_ccc83cf66365357b,0.6131759516678966
ck_34a33ffe8339f66d,0.9570182809845122
ck_4e39e3b165edab58,0.904915223554466
ck_1a71f8081ae00190,0.9538745768323922
ck_ed8f1200fc049c40,0.9633107110757626
ck_8a5a57858e8c77f3,0.46605113401006715
ck_fff9fdc2adf5100b,0.955155543855164
ck_c76f1bf40f3b787b,0.04729378905874
ck_1a6ddfeef82b1b1a,0.19849675424424534
ck_478d2667aa9896d9,0.8498379919795381
ck_641c8e7694b21f3b,0.7568966319501089
ck_293581d879f6663b,0.958415679402684
ck_1bfa8abdb22be8f0,0.8194547446720145
ck_05ab5b03d0bf9ce4,0.913940992225758
ck_35694db37f0cde7a,0.006585645716951846
ck_fe33eb743d714c03,0.25721995878782034
ck_abd10fbcbaf2b038,0.6773800652384989
ck_46d51648c1bf80e5,0.8447492752173837
ck_5c8390017fabfaef,0.8537773132213509
ck_87d55ca333f22072,0.29378892480408825
ck_c39c6a1453e2b92c,0.03083063228324887
ck_69ff1b0aa143a168,0.0013770624954896503
ck_e57c79eaab35ded7,0.11796524891678675
ck_463ae759e2b6ad1d,0.5661103341053255
ck_0dae4a7eb587f3ba,0.30259996517113996
ck_9b12fb56529ebc4e,0.2505788444393183
ck_1af547077ba2dd03,0.7862075981739498
ck_de13de941bebc7cf,0.12806948411443453
ck_83dde7da2bf647ac,0.10257368115812979
ck_c80a94d4660041fe,0.6921769648867397
ck_f39cfeb277ef6528,0.07086940312732888
ck_1cec1ed1512a2d3d,0.01724489661848863
ck_7955a359b6448799,0.02321148194118266
ck_8c0955dad13c3ca1,0.28754517029665816
ck_6d4cd2de601a2308,0.5463443487120085
ck_f4536ba8dd2d551d,0.1296260084155917
ck_b379c198d6db2d62,0.7685030255713063
ck_76ea90ebc74bcdc7,0.1600757665843924
ck_734f06bd4aa92781,0.5180913141893085
ck_677e1d0c14cbf569,0.10269030187026928
ck_259271c70f3fbcbe,0.5800776954836859
ck_c0b744eb9e7d4eb7,0.5199972175813292
ck_3d41faeb96802f68,0.037426795499826915
ck_8f604fa70fc3c8e3,0.21680606475188713
ck_0b3c3bea0e0ed339,0.3107380352360255
ck_be5df076b8a86409,0.08424724792153969
ck_6a475fe324d7d790,0.7664323582899617
ck_3ba3fa5387bacee8,0.014399385012759402
ck_324b9939d9c1c31e,0.07650501833615198
ck_a7fcf7b592f68ca1,0.6572883288130389
ck_5b2728f7cca414ae,0.0014915582262681935
ck_5f4a25ffd0b85a47,0.3767405335313886
ck_63d4f5076fe4406e,0.36726607457931765
ck_af528d66c86f0cb8,0.8538895845005385
ck_ac7cdb9b8da7b5dd,0.49051454006409917
ck_3bece63711407e25,0.7364772444518792
ck_d4e0b2a12fcfc35e,0.06512428970230158
ck_ee3e7c9d3a9c74b4,0.6963136546065307
ck_50d7c4dab837bf66,0.14615279303976644
ck_ebcb93a2990fc914,0.6101595135437103
ck_2329cc9702cdf7a0,0.6548207558588934
ck_db1fa53d588bf99e,0.19864539371794654
ck_44e57a0bad5a0745,0.4546654310616311
ck_472c81a144f4631b,0.25389067555449085
ck_1658429acd5306ba,0.21568507089484854
ck_466103ec5bd9444b,0.6571540095716215
ck_9757163e25262b74,0.5966186065787407
ck_34ed59bc2c9b0186,0.3173344270449089
ck_b7bd3a7f263f4f29,0.7701584757764335
ck_149662b09d632e41,0.06249586321871303
ck_a9ffd6b3957bd41e,0.16081257559203166
ck_ab80466ef615e85c,0.18176142557662348
ck_f2c824d3473db24c,0.11029308091267276
ck_a4a01fd45936b078,0.7009787611679335
ck_8f6ce158c2902877,0.0738658296595971
ck_5189a302cfa7cefd,0.048921470078164546
ck_430a3d03be588201,0.7919373307657348
ck_b5f9dd00914b4db4,0.47986214182423637
ck_52dec82e9cf6135a,0.3123005171506517
ck_95e444a01e2ab4a5,0.4557735550623898
ck_e37cee7b123692af,0.4884839515324214
ck_d68d42858a55adff,0.40264270098597227
ck_3abfc010091d679d,0.4504806086310763
ck_cee4e4e1b62bf82f,0.376068327641338
ck_9ccb17c35e636c5e,0.371373221710213
ck_f72a5a3b0d6c1177,0.013663155059659187
ck_7508aa554fae6afb,0.8373889938248479
ck_003aa842b7ca1d77,0.9098934293325556
ck_83b2b192f41ee2bc,0.8051208295087369
ck_64796b6b2c3c7f06,0.3371853897162831
ck_6438ae81d43cb196,0.7291844990076433
ck_2bd73d9098504760,0.7707976844674416
ck_aa8b9b36a099e4c8,0.8333837918419641
ck_e5ece47d0dd10526,0.5268389118362499
ck_16077ac345472e6a,0.4963219004778934
ck_a4d6e152b0076964,0.11288543223175965
ck_d90b1d03ae151f62,0.7388641403062266
ck_18b36d342b530af4,0.3811716163800655
ck_2a01e610348b84f8,0.5176246923754352
ck_0a93ed76bf36c8b6,0.7316131321365082
ck_3d56b477fe2370b6,0.6036550876724647
ck_17ab3068fa303682,0.1905700780320537
ck_592a3520d841d11b,0.3982979868773437
ck_84d07028b5fca2f6,0.424650730793239
ck_f4a2bb10afa85743,0.40238939215519665
ck_4fe4b072f03f2c1e,0.0067026418959586775
ck_9ad08fcc183ea1e7,0.08871099480899806
ck_130d3848b9dcdb05,0.15222550647572367
ck_bb399ed6bf28c230,0.3441533895907524
ck_a31a64a39a2c4941,0.03496381539163107
ck_c49f25dfb39909cf,0.42258988320996926
ck_55f50a9ae2db8ff7,0.3069686980373581
ck_09faa4e771cf876b,0.35869402399837447
ck_df520a7a6e405889,0.8397914171447535
ck_8c8c98cc694ac900,0.6958219436792401
ck_7f0c4f609673ef62,0.45909542527433084
ck_f51fe59cd445d2cb,0.11916213424418673
ck_b3fb83f0d772a831,0.5854082261765526
ck_d6e7e257751c299b,0.176861718748131
ck_0d362ddb4a1cb6d4,0.42913573756846946
ck_a574a08edaf81781,0.1784984537765798
ck_a823f5bcb0e4b9df,0.017179051653508946
ck_f792586ad0381eac,0.5166810088636109
ck_54bfd70022c66983,0.4652194654434453
ck_fe0a9372c9372de9,0.22104819030021416
ck_5691cd6fdb6d8147,0.24658288704724884
ck_a95f212a02433d23,0.6768095875722451
ck_f5adad75e1c06731,0.6894067695950221
ck_e09c97520eb0533c,0.7507899877062467
ck_a1e13c0d58560340,0.04955723246183709
ck_cacc2ca410cbe80b,0.6312673247807628
ck_c0dde2a6ef1e08c5,0.10592899021702676
ck_a04403073c90ce38,0.017493817147805124
ck_03d3026107175dae,0.3277512259519956
ck_50176dae5b1b716d,0.2944931069650678
ck_6c084bfcb38e96c3,0.5706870055205822
ck_36d2be9012f7909e,0.605023893691468
ck_958acf84c6137a22,0.4292956735314042
ck_114722e12db90a73,0.668156350160828
ck_203c2a22c0c165ac,0.48243151006779417
ck_2c44ca550e5cfa82,0.6377180540213137
ck_df0a8f20ab8f14f4,0.3809709015683387
ck_826a27ff7555192e,0.5977560656169202
ck_09a988ebcf062297,0.7017644557727476
ck_5c82444b3b9160ae,0.18959565189810504
ck_f6a4a7ed27fe76fc,0.6388531299060101
ck_17de46314b5c6a92,0.2475797944703444
ck_335e63101b1e6c4c,0.8610107417148911
ck_c5eefc0697451de9,0.5821252580784779
ck_49a0efb5d4067b6f,0.8225265707679861
ck_c1f4509c8f5dac5c,0.20979403335780564
ck_57658eda1c59bc52,0.044825460924987084
ck_0d5c0736ec76385a,0.03217554761204529
ck_e0239e6ae30795a7,0.5598005130748481
ck_e4459115cd8e5e4f,0.6191427608252517
ck_bb4aec09d4968dda,0.6930933479751644
ck_a1b4c96faed3e0db,0.5693976784524335
ck_8247b79ac67aae7d,0.2916137415905996
ck_fe2fc7d6e5d83f09,0.7983894317790587
ck_f6aea576cde8d592,0.21283178067176578
ck_b7e7f7d0cd886412,0.5507544409062073
ck_ca7b993e8286af7f,0.3913127177675171
ck_47de038381a9cd65,0.9004082534039106
ck_d38f941d09eec820,0.5704500780416093
ck_d9ba2a6c0d926b4d,0.15802405653957213
ck_cda72f597330d0f3,0.36706856449934844
ck_16d2d27fadeeacf7,0.20458594219397974
ck_be05447853d423a9,0.2036355152175963
ck_cd92852d7376a4a8,0.11483366805932295
ck_2faf7ecccc9fec58,0.030375079512315915
ck_db8733fd92f20cd7,0.5130718587930794
ck_a9989a3a94c26634,0.4775210570434379
ck_957fb25437c75e41,0.47830121407819903
ck_e6a6caf6e7de17c2,0.4957737517899778
ck_f7bc569b37e8bdda,0.3400749304903992
ck_703b375dd86a6124,0.2831464531493596
ck_d3cfb3603f2c6ca3,0.8295434533707541
ck_07cb2b6f2a4303e1,0.4085405773816818
ck_31631e2028d4f855,0.2962884592335533
ck_1631bab0ba1256db,0.7072703288947468
ck_5fdafeaec036f016,0.5061766263475237
ck_6eda4c36aecad602,0.17848571829198956
ck_bd1bf9e3e29de281,0.655945683131133
ck_bf378ea558a4125f,0.9460788789734156
ck_7aa2deeda0e57412,0.965408077905309
ck_d229cf7f5a3f38ca,0.1588043174873741
ck_9e109edd124492a5,0.11374494560291382
ck_779491819995625d,0.8009842122942719
ck_b89c6fa2ad0a12f5,0.5996671439619292
ck_1d01b4a609918c4e,0.9569016317790606
ck_714c5d7cb17bc9f2,0.06145194665301175
ck_269f1746f2609ed4,0.38417362834789043
ck_4be03a2aa62b93c7,0.06703397085517378
ck_cf920313f6dd28fa,0.2111617145774014
ck_fb00aae4e17740c5,0.10655393263633334
ck_085d8c42739e2b10,0.9953162511320093
ck_c72a7d0d03cf3e17,0.9011009708413765
ck_8f6ca5d3b17eac6e,0.3162488771545373
ck_d9573100bbff4014,0.8545779515561063
ck_79d6793d1d0cf43c,0.06644467684697192
ck_91fa5032f7aff0f1,0.6890049928105755
ck_87110d84872c0fed,0.7848480251173513
ck_8220da627e9992a5,0.27560777539710624
ck_2ae44938847f3852,0.641636949949491
ck_b0f191e44f9b6f35,0.624153512664181
ck_3049d744b527f4d0,0.08422265644572834
ck_47d3e8d1dd3fbcef,0.3957454788361735
ck_ddf787359d2b5deb,0.08858564060225349
ck_b27a9e39726b26d9,0.15492526091800943
ck_80c4e9274cf976b6,0.9929753332444036
ck_c6afa913168ce8fa,0.6623268677993022
ck_52427b3f8478db19,0.3897621851741654
ck_3b810f15ca0eaa55,0.02035864697224577
ck_0c9e420f97baaa06,0.954223595712418
ck_f8540cf3a8b2f8c9,0.6631570654377992
ck_1402d24dd623df72,0.1541825623421908
ck_eb4f4267e24d042c,0.6310528793978527
ck_6f661b428d6fb8e4,0.791894614934151
ck_519a26ecf3d29c90,0.09748344522659101
ck_e886ba71d4a6fd73,0.4163431631325484
ck_437f9ecd2016a1a8,0.3190782193352123
ck_f01af1b0c977cc06,0.15689022932458177
ck_614f777c2eb5d537,0.1677571249889865
ck_b804e784cde9af8b,0.3094261895666579
ck_c2dccbc1b24b137b,0.929816861630572
ck_1df4a1781a0f6999,0.6453249705839454
ck_bd2cdd53fca26171,0.3001231006902981
ck_424c254249a109f0,0.4230264695619921
ck_cf2ca4f286e289ba,0.7072864676087238
ck_6c33cb15b0d8af54,0.36981705617931826
ck_311d395fa9b8550a,0.17364155178636204
ck_9f792e7e721ff7f1,0.09949573565987874
ck_4c37586080edb7fd,0.17416788251821413
ck_7c4f42c5397113b0,0.2557750307130533
ck_fc418f53ce4aa579,0.9846714747046439
ck_1ba28fb7ef726ce2,0.06861912357389154
ck_d932f98bf6b83956,0.9122037774606557
ck_248b3659a9239240,0.6499905954235966
ck_6a92cf5f4cf5de38,0.28485465834589624
ck_65519d0fb137e0c5,0.6671437987051654
ck_ddc3fc99eaba2064,0.5196708065511242
ck_7310cda3bc65a73f,0.46942040495416926
ck_c01c85bd631d4054,0.17163086015695073
ck_b4954d16b9749829,0.1504136927212697
ck_f301f6758e170d66,0.38238879481039545
ck_9bf95f8c47e7c7b4,0.09150409884335392
ck_c91b7fccf6aeb4a5,0.662066451140686
ck_785fa45e86bc5e95,0.41132042076421926
ck_2a65f1cc23f1180e,0.18879494613543152
ck_a49a2c1f881a3560,0.33090352622467345
ck_def344d68f06d749,0.4847067990015481
ck_abbd1465fc730d78,0.5543816374756768
ck_07a5610ed28162fb,0.16082009234641087
ck_7ecdee2d7127be8b,0.6010234739827254
ck_67858bc00e81490d,0.14702178284824197
ck_b4ad165ace910222,0.2267999664306336
ck_30753ffe481a1b8c,0.8677908299356274
ck_c401a26725b17177,0.06663888123994591
ck_819988d8a7f26415,0.030363899073042152
ck_3364a1d9261b3638,0.25591421536123554
ck_c484c5bda389bf20,0.06816638387106887
ck_ae416325fef92c9d,0.981165286584196
ck_5517b9a865960542,0.5043515150357964
ck_a0e96fed380440b2,0.6804828706324313
ck_e83409471d2b0b44,0.7719785813341493
ck_127273af97d7827d,0.05179676944565069
ck_aaa9861c91bd14dd,0.24735161149683782
ck_a378c58294001a36,0.9481730196825604
ck_abb9d65ff1f95b64,0.3658785699737849
ck_a5ecbefa849ae569,0.36081443263383467
ck_aa9953c0ca2bed7b,0.010646075661392135
ck_40bc6de252865f32,0.08147565792270856
ck_9fb11688dcfe1513,0.603267988243597
ck_ba68841ca2ba073d,0.6792585764699685
ck_1d3e561a7d20be0a,0.9892319046229109
ck_99a92d710a29c1d0,0.06561314103461507
ck_ede2e887697ffac0,0.1983959568279588
ck_e6de67c0d82a7b83,0.22484469640875365
ck_6b38763bf5ddbcef,0.14728492189416753
ck_8dd44eead7d765a5,0.3488846814643082
ck_30bf5b0056eea9e9,0.9370152731062044
ck_2981d16f8a51a8ed,0.42449575996835687
ck_fc60f42c68c7024f,0.46511258148607515
ck_8e2b2251ee224aa4,0.20250587501378184
ck_1906f0dfaf6e9bad,0.955737783936606
ck_dcbe6814fc4ca0b4,0.621949100915677
ck_f7e958a286ae3b57,0.08133391369438225
ck_713649668a7ca824,0.6208336062932065
ck_6f73cdbf9305e2ea,0.3899924892152613
ck_dd1c490050cd9051,0.7480818919750908
ck_e30db36e376606f7,0.9118556436757304
ck_740d8fe8028b5a2e,0.4299781970745996
ck_ebbc9418cd41f692,0.2497294789034623
ck_7b3cc6cc3f250f39,0.8697479343992086
ck_1d30eef7110809e5,0.8944162319123979
ck_77e0589ab339ca66,0.14431675357854298
ck_15ccbf8ff7d14086,0.08838234987199214
ck_246989b0c288664f,0.3265492679802616
ck_fc2a6e27b10b10e9,0.05316987935484615
ck_8afc1112c12f5402,0.10990754324934945
ck_a76e8d83b9141364,0.4691573473608406
ck_51d3e8dd7465c015,0.3170234944003022
ck_e7b4016909405981,0.1820506740075855
ck_e7a3cfb9bf908e80,0.37347594136314366
ck_2bb49dc2388cdc1e,0.28504507997413214
ck_94f4266ee7871345,0.3861697661971749
ck_b2c896beec146477,0.32258221365942036
ck_fcf5d4a4748cdd53,0.23449644352943538
ck_fd0483639811f62e,0.8404899454293469
ck_9a21d183524734aa,0.7973900619825821
ck_1df4b46c0a4c317d,0.2949599109765789
ck_638df9e8a22dfe0b,0.5274623709104257
ck_65acc43a6dc3e65d,0.6482789856877083
ck_7c67b73196e3d0d9,0.4520960390039044
ck_b0ee3a98175b462d,0.6210055278328329
ck_20fad010969f1abf,0.2229267935758649
ck_54b087bd873af8b8,0.22373550797594732
ck_8007824431fa803b,0.05423143538889909
ck_23aab322810b9fec,0.30436304349595267
ck_c8001bdb9aafc8a6,0.17898421361195616
ck_3a34c3ac83cf84b3,0.1862472885759201
ck_60187ac2c473a662,0.984203579259167
ck_6a0ccd7357979f0f,0.849540743622831
ck_27f20337bef5ffe0,0.4479871135870323
ck_f9fc468915afe49c,0.7136849459754904
ck_1eabc15a94bd9009,0.772210129527285
ck_26896c494b2768ef,0.6139178895599702
ck_348c874eaf0354f4,0.8614803092214847
ck_be9c46acd216b45d,0.5303526501556368
ck_a3cce46d15cc20a2,0.7083093975733032
ck_70804f60d9704128,0.7287697408697928
ck_a019151ca8e7527a,0.33131237389804497
ck_571133b2aa8ead51,0.6285052269492936
ck_0afa4449f20d5196,0.5344675714445986
ck_4d503c41cf4e5034,0.36065549863187174
ck_d6fb9cc5171e3e9b,0.9382915945310715
ck_05ed92a7c3e10e5d,0.28161766287124196
ck_bfb067986660afe3,0.8141960348403687
ck_c1a31690c8573226,0.2944740835686278
ck_cb88ef3dc1f42225,0.43590811818591935
ck_21e3b3bd998745e5,0.8715032209748159
ck_cf52e46fa54e4540,0.037310681260945014
ck_b72c7ac4208052ab,0.6180108878171453
ck_e6465c56b337e6c2,0.5838470927120087
ck_5f87eb05d18186c0,0.345017755310972
ck_263f6c5ff26b5e98,0.3074625113873679
ck_e0b7e2c0bbe228d9,0.24231614360107798
ck_b657ae3c146cb7bd,0.23125811936205248
ck_abac514d8167ea58,0.6628788402156551
ck_024dcab126876002,0.5266816120763422
ck_5d8481e2b38bd99d,0.6100343203878018
ck_edf229c17d25dac1,0.8452997005012848
ck_6cb7c97b72d6b5d3,0.40243068113076313
ck_c96ae2c28086a059,0.46543140366381924
ck_2f241b97c0f8389e,0.45698972332910953
ck_9158bdbb63ee8987,0.8962495756328892
ck_e7b40b60786c1530,0.3700273842589639
ck_66d38518f68e6194,0.0866367273075114
ck_8c9b57ad2a991416,0.8237882529259701
ck_cc91bd7152d3e9ba,0.6942375178943005
ck_0d846660c7957a88,0.1697268208502079
ck_60896cdac2212bea,0.781817608630359
ck_dc4db8b932df49de,0.8088411879744898
ck_2dc31db181150e20,0.2045237801669628
ck_2f138fce1171e277,0.4735017449158271
ck_68b8b859a6ef505b,0.5528431230717681
ck_c3fe0c6c5e1f40f6,0.3572163089064079
ck_15886fe84866de92,0.4411542200211771
ck_ea269b35406473e8,0.35395848125761953
ck_3ce7cad1f69b71d6,0.33355993346710305
ck_054ed4288ee58d6e,0.547605911272602
ck_3d4913a86f207fee,0.8381622493244734
ck_23ff85f9d2355e8d,0.47904683568059514
ck_d87ab3261322216a,0.17289282135963224
ck_fac046ce336fe39d,0.28538159825799064
ck_beb97e498e6cf8e8,0.4698974790761126
ck_1f517e0ebf397b51,0.7234726087202475
ck_0af57ebaa45877a1,0.13458959755924235
ck_f99bc1732ce5e999,0.3282523131551479
ck_abb056a9deab275a,0.7481205025809281
ck_0bfc394c5faa65cb,0.3695226390401055
ck_ddc865af1dd5670e,0.8483841199317089
ck_68b5542459638b56,0.9110456261377677
ck_0b1d84252c0b46c2,0.21649827261934823
ck_520ec32c4f253604,0.6637992957507273
ck_79ffcfee599d77c7,0.7471759304805397
ck_eb224c0fd146253f,0.6817990174665695
ck_0e477084434da450,0.670956312608608
ck_07840bba5570785b,0.864686272469142
ck_6b67fe8e310ab865,0.20568315937783682
ck_e2a1068c2fa22525,0.355914365259696
ck_b9c6b32f6bd92a3c,0.2664551825578147
ck_c1e7d1021ae58f00,0.0057850992699247485
ck_5d7801201749ffde,0.2730118613947109
ck_c8806749e263f70b,0.3670012995817014
ck_c9eeab826781dc91,0.2515937084902747
ck_309a432c160a17b3,0.08823376235132929
ck_b22e3337b8e3dbb2,0.3417456724177048
ck_79c30169c71b8033,0.9605133109579206
ck_5a6593d954085775,0.8289248783910607
ck_70b9b79ea1aacba8,0.48134710382244517
ck_63743141ffa11f45,0.3219348350438198
ck_dfd3dbd0d97a642b,0.1992741398082828
ck_635646a661f05b4a,0.6703037596587138
ck_4b123d6931b6d0d7,0.9377108185510932
ck_f2b0e7a47f442557,0.9226269792334316
ck_1b1df006b81d38ba,0.24309585195155942
ck_360237c1bd30f4bd,0.5823805674438685
ck_5e84bca0e362da20,0.522172350000463
ck_142dba210ed2f3b5,0.5345788949264749
ck_a3564236069e3524,0.8389940561107307
ck_cf36d8b070ded782,0.22183980373575196
ck_ddd6625c5eddad70,0.12691021823164597
ck_ad54292a0b2f44ef,0.5877436995996613
ck_45cd5ef6b359e9b4,0.09916143319321319
ck_982c2392238b7be3,0.890021735926164
ck_083e4ac78685c3bb,0.3553974069657616
ck_729cc0b46cc2e546,0.8378774965928955
ck_f2b8995fe5402759,0.0688640107147777
ck_73e24f5a8da289b3,0.5677697204142649
ck_bd85f30c36f5998d,0.8035338764877247
ck_ee4ff3aeadf912c1,0.3812702496652769
ck_63d2978706e193d2,0.6259743795662853
ck_6a0684436a1e66c3,0.9269166845100489
ck_182dc4a2f5a366da,0.13033734375939815
ck_e6fecb82fc2a82de,0.07992610135543317
ck_cfb06f07394dfe64,0.3906145353941209
ck_7bbe1dc8add17ef0,0.29041312826385923
ck_5cacad76e02c8e3d,0.9392222382709481
ck_ca68dec0c7df5a12,0.24733195542162623
ck_e4c0fc52c82065d3,0.09088210103542235
ck_f9197b070416f443,0.13314070507828496
ck_2a07c7021b71cf65,0.5722535343725155
ck_4fa85cebf707de2c,0.055863687193103216
ck_0063d2a9507467e5,0.3338914347785511
ck_ec986285fff05b7d,0.021707879517628526
ck_279d43303708109b,0.511723197830144
ck_a406bf11e48cf8c5,0.8014555248065293
ck_064b2aa3f0bfdb6e,0.32909028043711097
ck_95790440bc4bd2d0,0.5347026841159785
ck_70066eea13b4c34f,0.16186278480878905
ck_19468fe07e26f992,0.9861914699512675
ck_86bfe328e0a533b9,0.9694900191353096
ck_ace3b96c977a7560,0.8941727680225863
ck_642344e5c652d8df,0.701141564436062
ck_074be35c951ae10a,0.5232061677733594
ck_f14dce41036486a3,0.9968381166545413
ck_5cf67a3a747e684d,0.6480909200890803
ck_f7285b92648c1c81,0.19058593677208516
ck_bef3193f124fca5c,0.8526300038935972
ck_05c4dcbb45de1f8d,0.3943380588529515
ck_d7c28eaa05bb7144,0.30620378878614896
ck_320df984791a1b99,0.29002376149996306
ck_f45bad1606fa00a7,0.1631488316720079
ck_6f81c199e986d9fc,0.3429558630019233
ck_d0c9633fed57c344,0.8315535322733866
ck_a3c25d6cc7478068,0.21318590421681202
ck_4185506d12cf9fa0,0.007838363246220755
ck_7a02ee1bfba7353b,0.4141147864535384
ck_1b52590757c0fbeb,0.5246697799366484
ck_a0e5656e1cf9cbf5,0.13308932197544537
ck_ace21f6daef94f6e,0.19834479825471968
ck_646d8d0834782d6a,0.7821147439491283
ck_1f136a4476b5e775,0.6127679300313176
ck_325c7643cce02da3,0.6919827742005205
ck_9b5e7fe28208f5d1,0.1689950828235547
ck_05d81b1a150f31c5,0.3915602042751275
ck_0e9ec486bff403c5,0.3244569529009287
ck_ee13c091bc379188,0.29750188996800253
ck_f7a7f8f5903617c5,0.38354457400922837
ck_96c3a3517153390e,0.4670460437648764
ck_538dad7f096458ad,0.5341927685991671
ck_8758fc6622bbb7df,0.5905973130385542
ck_f7e53af3c91fec64,0.387630053699508
ck_80b50fad7f255e1d,0.07018183300862126
ck_9645e7adc08631b5,0.3191746957301351
ck_e007aedbf37d6ec7,0.2772188320927757
ck_2951d76c41de2569,0.5646129291222923
ck_9439bff87e616d4a,0.2248585901470489
ck_a73045e96af0e4fe,0.22696599997159608
ck_7b382e533e2e925a,0.17759899636417736
ck_730226c2d216cacc,0.3076202472173661
ck_bdf837d761a7cec2,0.8847146764337821
ck_0b34197335ba3341,0.5776524492053849
ck_49170c4b31a20f5c,0.15172407186089581
ck_cd553ba6589d8bfd,0.4606770807109345
ck_56b992c6f136fa5e,0.4096501560491078
ck_8beae3d7328fa41a,0.5632346689296865
ck_1a065ea906ae3d6a,0.08169618534295581
ck_e9e3381d5e0e5051,0.19020682210264633
ck_a6d4f998dadc90c2,0.8706634826822331
ck_d36733da917115a6,0.5580083670564365
ck_e738e920bbd74a7d,0.5480614626635781
ck_af65eb885a51048d,0.22846919706385538
ck_73f4eb09af29b1c0,0.29959271114533276
ck_8fc641b1750a2542,0.9034126346549789
ck_41b954c7a948c060,0.24339069472438146
ck_25fc3010e8a0f6d7,0.32323837447828363
ck_a2624e0387974e0e,0.6188448431946434
ck_5cb9d7b2329d5ab6,0.645187033528773
ck_6c83aa1d100a7cd8,0.7536921302614539
ck_67025c64588abd1e,0.19650994338021635
ck_f5dde68f6f0468e1,0.19420663806286648
ck_46bfb2cfc29a6d2e,0.6765168271760211
ck_49dddb894d33f6db,0.33177136580040745
ck_f738b633b8862d18,0.13952370744625495
ck_3d6c3c00d854f5a4,0.7522554851951695
ck_cdb8061d8d1a6c5f,0.6223682968310262
ck_5e1b81848718bdc3,0.05251596301171098
ck_8def763034187436,0.4383508032477573
ck_8f8e4fb9c6190272,0.5966473163227787
ck_368b968b5f33431e,0.0648880795551937
ck_ba7e347251ea399b,0.656256681341697
ck_9075432001a64e75,0.4922212211714475
ck_73c5371635aca173,0.9502679100001301
ck_81793387b38047cc,0.31875567732508975
ck_0cf220816e320ac5,0.02575070706528055
ck_820219bb9c761b52,0.9094270652314179
ck_70a932ab39d86a24,0.17826530123351664
ck_2c4be237a7ed79c7,0.014906288284952548
ck_acc764b49ef02826,0.9201939467267743
ck_74c3c3452e4e7cce,0.12333299763618585
ck_34dfb57e5bf31d2f,0.8457565082155977
ck_6ec39903f765956d,0.6763706617456885
ck_5986119e7d81e831,0.5077366346381524
ck_2ddfc948b8eac752,0.8654890209135201
ck_921ff5ceaf40a968,0.617872472311991
ck_fb3b68b4424b5f92,0.7109292958117717
ck_c3db1b3ad4f16679,0.6036552695885018
ck_124a197be41687f5,0.4475832908964205
ck_c58d9151834f5bad,0.6474390253874674
ck_389607982eb6b701,0.9658744732989655
ck_fb0c138c003e933a,0.2683214644524884
ck_50d0bb7edd8c69c0,0.46735834830653084
ck_c6cb651149dc9a8a,0.16291593482755123
ck_81e21354e477eceb,0.5776024481148478
ck_7696e38b3e4197b0,0.7014147891137069
ck_586001d3ed9e7fbc,0.05562307317354914
ck_bba413492dc46f2a,0.7045379406569863
ck_95b894380ad2702a,0.7483352755552815
ck_277621473369614f,0.9977748270806834
ck_a50621b5eeca84b4,0.06075287719199171
ck_bfa7ba218b988cde,0.7895379356348791
ck_5ea89567dfe78e4b,0.17948474139372472
ck_6c679602a6476ab2,0.15539303526189666
ck_d3885e286b3b11d2,0.732105288161168
ck_cdcf6671b37c9c92,0.5992153591368903
ck_b5c93e6d34f8d366,0.05181891623986379
ck_c24f61925dc158d5,0.696277852425949
ck_cd09375e6c81d2c4,0.3739794149517045
ck_a95afc7a00303a26,0.7314372421412733
ck_8e89ca8b39f3f8ad,0.13761345824635618
ck_9a84b396aada3fa8,0.7842331224050197
ck_5124a2e415384945,0.9054940776348884
ck_d66bb1f063357f99,0.20764822752272422
ck_0fd9312411b0ac55,0.21766659217185144
ck_ad8cbe6e27e47ede,0.07025864168231616
ck_8398adeaf41f9cae,0.3578099566375198
ck_dcf851e7bb5855d0,0.07754695629684738
ck_9affb0f26776b642,0.12500903349678186
ck_f0424b3b36bdbef0,0.6165038885786072
ck_66746d1090d6d9e9,0.04083261345394029
ck_e5f8c8a5824db594,0.3304246339862075
ck_3e91dcc209431984,0.8781448950738211
ck_126a82e8d42e5ce6,0.1626972192592845
ck_38e4a74ab256e2eb,0.4364904934475632
ck_1225a97fc413a419,0.551984655046409
ck_9b5ec0f78e160e65,0.053115263075446305
ck_7c5529bcc079600b,0.7627671540016819
ck_29640fc2fe81c251,0.5122280012207975
ck_160e9ba0a3f7c1fd,0.5732918751069376
ck_bff090cb4ab76b9f,0.33546283692942064
ck_aa06ed358e43db69,0.8268688519197303
ck_7264486eb512d84a,0.41843316839917044
ck_f5a32e6160b28379,0.18171017939854697
ck_4ba8bec14c2217e1,0.18338364623105918
ck_610815786d729d2f,0.7735989939609603
ck_e267999226b6321b,0.050951342134838463
ck_f3996a3c8eea1ea0,0.4510217676799183
ck_e9b75ed7567a3f23,0.31024355053075947
ck_d21612d48bb4f7b8,0.5390943659961991
ck_1f871df76c6a995b,0.8099849220104363
ck_953bd5de48ccd70f,0.9401507748901641
ck_02a9104419a6dbaf,0.6519948762094749
ck_1eeeee651e05d535,0.6802633198539452
ck_e2ab04136a442a98,0.4678754629153268
ck_f0d806624ef3d359,0.06974662422679641
ck_4b68b38c1b3326a3,0.6801975816272372
ck_74e60495f8861156,0.28486617412174653
ck_398f3f4cf05c721b,0.1537497781576065
ck_f761b7650a0c1a85,0.5472399398720584
ck_7dadef33f5e2d94f,0.9724074394192597
ck_6ff6883633b8c7ba,0.13292339969097897
ck_4d2159603045109e,0.3473436118239458
ck_a38bd07a5fac5c9a,0.22133891508016718
ck_f517f06551e69507,0.7561595460589108
ck_a7ea00a1760ad561,0.9824523686465207
ck_31fc51d5a3dfe16a,0.16028921697470666
ck_bac5233623b25ca4,0.2405923371331162
ck_385188ab27784fe3,0.8211872487093193
ck_9947a323bab5cacd,0.8219697256565932
ck_7973edc9f22ee7b6,0.5650589195604052
ck_f97c477986043755,0.362840732289476
ck_1a3fd2cc4b4de196,0.42378174195297824
ck_e18ac29ea62cb435,0.6378733463006451
ck_9720a472a3e0140c,0.05519749161544914
ck_668c7fc7d7e47c0e,0.6268524997316312
ck_214af0806470ef48,0.3653614516810864
ck_a46c1773f01f0be7,0.41902872498564137
ck_f2bdcfb4203ffdee,0.23511838688944126
ck_40e84e6ffe788a4c,0.4052947182963368
ck_dfc6f5712d8d6678,0.8017119519625249
ck_01ef1036b2e66a4b,0.10065830400796641
ck_3acfec10eec32f9c,0.3400537490181652
ck_084a85145c15ed77,0.8536635780180543
ck_fcdb4fe2f095fba1,0.6727851182193185
ck_023908db0a193076,0.7441390136960812
ck_fec0ff92fd622253,0.4292683995320964
ck_c009c97d5fafbced,0.7679895609444702
ck_eb9f0c06ee017ee5,0.3417599435539237
ck_d7792b429620fc24,0.055838384908226124
ck_5e9e149a3b69c726,0.669386534673188
ck_ce927322ef8f651c,0.21570675447764645
ck_b8fd61a8e82bce32,0.9437562381192593
ck_9aafc33fba1474cb,0.028714777826441266
ck_ce81ff9b8b35562f,0.8437122349539657
ck_25bfca1d8eaa152d,0.4951703186955956
ck_170c65860e2a7e23,0.09085214668643782
ck_952da7ca9f33decb,0.38616400064274314
ck_1ebd574406235957,0.44770780096807206
ck_589109a188adc2c1,0.1928408554438661
ck_f0cbd5383bb07778,0.6077079235675015
ck_242521e261148fba,0.021775877089163814
ck_509cece86a558de4,0.036980844870403914
ck_0dd7c5925d28755c,0.5621594931553582
ck_a7e669cf1c3985aa,0.4954587356607464
ck_acb84dc2351eeb76,0.27283530587338123
ck_b837c7dac2a9b931,0.21351953728143347
ck_18eb1f9181f95df4,0.08775355630562451
ck_b0b9047dddb1ec84,0.9078070694430325
ck_43aa136bdb0a2832,0.952361054712403
ck_3e47f8c56c811700,0.8263253186942847
ck_77c587d24695ea15,0.6961008672101177
ck_20578ac693ea4e93,0.8629607053999631
ck_b9f6040eebd1605f,0.5048029218542354
ck_ca9d86f65cfdf018,0.4271129959918586
ck_a4fa8833995c716a,0.5545594321021328
ck_f589f1e29301b5fd,0.6930360300174563
ck_961ddb8ff55d868e,0.07922134602784048
ck_5662492a54e6688b,0.7895074363118759
ck_ad48826c1c26eb78,0.9720569752176148
ck_621c9ddde6bf2eca,0.4020877586721123
ck_417a3500b2c717b3,0.4845086001963508
ck_c7e129058beb3ac1,0.5242398252756633
ck_ec1c902b9b9b9c5f,0.8737704725845363
ck_317360ec0a67d27e,0.8183052628634848
ck_3e3ea5d8c4a229dc,0.6265356264988575
ck_d11d27de7bf0b973,0.9292368352813796
ck_d37d56e931105db0,0.2889051197465196
ck_4863077723cd6ce1,0.05886998547730521
ck_479a065d5903e9c3,0.7622149696007825
ck_e66ae4fd586fedea,0.2368319344677169
ck_192bbfd0d5720134,0.8343053047919602
ck_3b436cb29af99f3d,0.5083485228739858
ck_7c7ca54969eed187,0.542213963835936
ck_826ee896c9f1144d,0.9510815824493387
ck_ba1f6dd43fc8a0b1,0.335975420002538
ck_49685deb63e4e8f8,0.14245069439271602
ck_687ab5d5554bfa79,0.38321535810338403
ck_41346ccd9242cc8f,0.12250978404362992
ck_8f8e5e2b9dfec3d1,0.8420014568996972
ck_94d5ce61a0c50465,0.5237753893807231
ck_6b954c75aad8c012,0.4725153292066543
ck_748af92828c9d288,0.13477789075101174
ck_dddd14091ce812c2,0.4653702961234268
ck_723323f6870fab59,0.3774526179418626
ck_dbdf8d0708cc6718,0.5340560689774405
ck_f04938570a154de3,0.3392595385996324
ck_58afa1550b3b5294,0.41217972930850266
ck_3b150afde386ecff,0.7232835644717834
ck_666b95e75d99ec4e,0.9687908653619766
ck_e00332597cf1eb24,0.41468624423565237
ck_9a9e3dac79280d7f,0.8740170929039923
ck_e8d37262e859d9a1,0.42507053884511586
ck_895bb39d24bc1c4c,0.3558762971478233
ck_b367449195e36499,0.5883368338906112
ck_d23f9a50d1135ce1,0.7215410052465074
ck_670dc4910cf476c2,0.16407089411612552
ck_3ecd8a5ce65e21ca,0.10721154655016892
ck_8584fea2df4c6317,0.38868377175443436
ck_0789ff4562202b20,0.770502517215237
ck_749e0e50c3907be8,0.21564688431354379
ck_c3ff6790cc6d7e34,0.17661293020257568
ck_75fb7e56432ee4b2,0.08435226420475146
ck_529fc3170fd11abd,0.7057754389315097
ck_34a69b3b4a681796,0.802353505193284
ck_255f0e5888ae9e23,0.725683498959155
ck_65be698386474170,0.079282424151936
ck_5eec9ed855c26000,0.1619363085296822
ck_5ab39bdc9610f6f3,0.8941739926189478
ck_1b5b75762f033462,0.10900336818658918
ck_d3e208671cf37f91,0.9644759818436013
ck_5068ee554ceff971,0.7783888301739654
ck_d7d50fb57fcb2d0e,0.20740403926426426
ck_ba6e1115fceaa067,0.6198649978230748
ck_d07bfb16a4a7dac0,0.9700751095419655
ck_ead68310311690c8,0.9488701782329308
ck_ee53ce862bc9c111,0.4585111777163225
ck_97e56e6037024dff,0.001001431445871974
ck_80b04344c98ec072,0.6813437703524801
ck_5954f45a2ab45f43,0.37574334697211564
ck_18ddf7e836256e3b,0.3307109103946566
ck_89a1a780144d808b,0.30008148056936235
ck_a7331e8b808c39aa,0.7257009648210613
ck_a1fd0ad03ff9b776,0.7134666972179413
ck_c0cf50eef030b401,0.26163426493136044
ck_074f20921189e7d6,0.1751732797234784
ck_e2aa7be60794593d,0.8721595268026644
ck_72771757dfb7f7a8,0.6495135560812091
ck_a9cd84a6dddfe584,0.3829526515489343
ck_142c00f9f8557504,0.6311646300859639
ck_221b5d40358230f4,0.7750979672208196
ck_a2d7a563f520b7ea,0.289048267364647
ck_66cd34bc568d95e0,0.7533409655098107
ck_a17128972d3e507d,0.6522986785752514
ck_bda299466bb2136e,0.4306740226536941
ck_2b699066665abe8a,0.5595820378836507
ck_0ac9848bd4ba0c14,0.007793873128040288
ck_98d2f9a6ba3a3077,0.9801139443169089
ck_a872df31b28a5f7f,0.8702043114224279
ck_7e73e1d44ce82ed9,0.5365104363372295
ck_1a415416f620d49d,0.03813514760079743
ck_c95c786d2f8b8edc,0.1936428052503288
ck_e45012f22b7f91d5,0.10137778298673339
ck_aa0b083e2a6813eb,0.8041516745705679
ck_4666232ddbf77756,0.10948538637805494
ck_e08e9c8ec5f23d8b,0.19686069367976874
ck_31d4c0518e5f52c6,0.09901186205588552
ck_c1ab40638f04cb02,0.1347282692599549
ck_4c1fdd1669c7cf51,0.2165766200774241
ck_11662cc7940ffc82,0.6755943887063741
ck_2e679af24adedac8,0.7442952584831597
ck_454b9e21b7f25a4c,0.4456965239231799
ck_355c4f29089731e8,0.9542247517446352
ck_507e40760a24d2d5,0.7018501041181182
ck_0943e0f305078e34,0.991337160774871
ck_abc54ed7111e9ed1,0.24623004445927027
ck_a60fe02fc04407a9,0.45391287495144683
ck_244b897bb4d57c1f,0.0393528711081875
ck_8c84fcde93a04334,0.9306291085426412
ck_9eea37d2de633b27,0.10495965889339566
ck_b2cb9e6610eca967,0.5905288778560033
ck_09aadb4c41b166f1,0.5604652568773882
ck_8d94fbb4828ef326,0.25451635233831665
ck_089e3a07abbe3b8f,0.24492942798174774
ck_dfee9de05e3971cf,0.1452667530079887
ck_6abf8302ce052451,0.7990555910392639
ck_6ffa90143838a4a2,0.03613115093751764
ck_325caeab5c7a9c3a,0.07666334549072834
ck_1964ee9db929a173,0.9757922900104313
ck_942b95988a6245a6,0.8227545511382397
ck_913ecdeeb8e21a9c,0.7334335453276409
ck_ecf9794349eb4b3b,0.8391043654345494
ck_b6cb8d6ae828eed1,0.6919204147745894
ck_2f82ea66c4f53b33,0.5886555534744191
ck_6e676daa4855b58f,0.7287983533515235
ck_2a37fef48b44e9c8,0.6793975429368009
ck_3bd12d468fdc2450,0.6218539471662123
ck_1a28b6a40a6bd3b4,0.7863343906730664
ck_61b79dec96d15713,0.5149107430973929
ck_31d5e3daced93d3c,0.44714620455334425
ck_e6c8611c0cf233d7,0.41171176716876234
ck_f04761b4a937ac3b,0.02724877229370664
ck_38c1c75cf055031b,0.4023627207254299
ck_59a561f3df01441a,0.8664113692684017
ck_04e40f556a5062ef,0.29620235128708233
ck_8409716d174635b6,0.6243409475023056
ck_3019afee83342701,0.36933844850470987
ck_b51a58e7f032c9a8,0.5602151767690254
ck_5043e474f848346d,0.4158925733048603
ck_4388abce33ecd01b,0.882297699913603
ck_c93def7392f0aff5,0.6367502918587745
ck_72e7b1acc19df820,0.24293694776727554
ck_f253130dc3ca5b3c,0.5408500197266164
ck_eb264d1b180d4b4c,0.8787205694256575
ck_c2504f5a113433ee,0.05237868023170927
ck_c16ab1e4dafb4910,0.8257611677770371
ck_4bc42878fa180991,0.7982640130689573
ck_1c771a7c78f6622c,0.7997309713839507
ck_d523f0e50a2747ad,0.02717855445333953
ck_9060f4e7ab7a1b0c,0.09890334882859092
ck_6b55ec4e87a5e22c,0.9219320222859463
ck_55fc62a5f89a7251,0.36683648800860125
ck_bd2545c62f258231,0.6838730600193391
ck_1ccdc69d0bb712b4,0.7431561814948194
ck_710f867a3bd5898c,0.04282919579548559
ck_f91d48c40337d375,0.664505065030643
ck_f76d929541ed41dd,0.7227859630500888
ck_e26a6659c237b650,0.4472761917886263
ck_184983177b73dea5,0.45912833230339717
ck_6d0d081bfa8a0022,0.6413617949129997
ck_2f6e64f638da0f97,0.08816122089718087
ck_15b93103ccd38609,0.14748763753428662
ck_094d10439b7b4eac,0.46519718652171677
ck_d2ca47180a926ba2,0.16726673387849084
ck_a69ca7b9d70972bb,0.11335931294366976
ck_68914e67343a7d32,0.12430092121820593
ck_8176616132458c0f,0.6523879094389187
ck_eee99af3598311b8,0.7627990792429225
ck_94410eedfca91304,0.3339030013354839
ck_cfb11a0a2325bff5,0.015197233297715787
ck_75217ee144b715f8,0.8200152280982562
ck_d56fc799542299b8,0.14730276218974953
ck_4c352dd3e7c81269,0.6993922768047579
ck_e23e50e02cb3904d,0.6078747718063908
ck_b921af37d500e139,0.2233507934979277
ck_82181b935360dcbc,0.9926245792966386
ck_22a7cf3b99c5e5fd,0.2992147036555589
ck_f67ee7910d532216,0.4767324476339386
ck_5f48762a14a0326f,0.022736876846453116
ck_1757fcb0e6e3f88e,0.8799920071904428
ck_2c2f080ba185016e,0.23473709475799484
ck_4c25570eb72711b8,0.02281318045045912
ck_a3be871ca22ac416,0.2027931071940164
ck_ab70961e7c6695b2,0.06998544689854808
ck_a1cdebfc42a52448,0.03598278102505231
ck_f1b80b821a20186d,0.4472646994140872
ck_ae668e4564cd2aa1,0.19746834061017954
ck_0e2bc3a5afa439d8,0.8440323894607433
ck_3dc378f37d0b74b8,0.1109055802882124
ck_9f9555197480d1cd,0.5866574806844602
ck_bf4e7d48770a4a8b,0.6801119814597432
ck_614ef655f0685060,0.3792938285121109
ck_04d2ea38ee27770f,0.10467016947390884
ck_e03a9d8ac94161d5,0.3058025392296111
ck_d4007b5b26d9d854,0.11368288161259035
ck_2dd147ce6d61749f,0.6304461020485836
ck_ff45764ea7d6619f,0.5079609574888256
ck_dbc487cb0a6c18da,0.9276127987028304
ck_791d5392bbd80447,0.6927661590142458
ck_b4068439c413b150,0.4246820851929024
ck_85df7b7de9700aba,0.43753622750928045
ck_001e42551cd06e40,0.5535611290290157
ck_a6c02ae50932cd9d,0.3128333377163808
ck_9fd0be2c018ff5e4,0.23579693503553317
ck_32a495128395fde5,0.7849633280785984
ck_b6f2a2fd232c141b,0.7989378175541202
ck_28dde633692904b0,0.6692842271077304
ck_a1a93c5f375f6021,0.03465169863415122
ck_e3982142336782df,0.15949739630704113
ck_a9812ff3c111ea94,0.34891763715398794
ck_f04062216f95fa00,0.6342448467713928
ck_7c560467daca735f,0.0002408807502556514
ck_76ee10d6e2dba70f,0.8447169219819302
ck_3521243bdac61178,0.5428717678495205
ck_28588fb03b320520,0.7895229860433783
ck_580dcec33ec232b8,0.716137030238202
ck_7109923fd7dab20a,0.04286344596807358
ck_7c872c99481c1e9e,0.44738550576861913
ck_46f4e1f5026f4d1b,0.002371996059050933
ck_00d1ebc31ec4653c,0.8998303005590886
ck_aac70764dde15168,0.6066165250998676
ck_648c03f9aa4e45f1,0.4610394076281886
ck_5478eb69ef912785,0.8889787587443193
ck_79b8523137bb2603,0.4888603207481564
ck_795c49f312640019,0.12863651962394068
ck_89184bf7b7fe41cd,0.8162739365325514
ck_97d4bd922996fa10,0.7106548046577877
ck_1cef30d08f3a598d,0.038773497628128914
ck_2f9fd36a4a40a6a8,0.19084576578427165
ck_40780fc0f8d6f309,0.2379925503319148
ck_9083ca9fec2a7f4c,0.2564960945373086
ck_62081bc35aa59931,0.47166869333260925
ck_2e1b46c5fc56b863,0.6641514186052722
ck_3d139692c51b604a,0.6228859851634031
ck_b5e54e22e3d6960a,0.02903238320124304
ck_c0c4be3f44311b04,0.4454655372693394
ck_82a8bdd2692c2a5e,0.8257172880233998
ck_bdd2da300b530c5a,0.275408768638315
ck_ee40498cd97183d3,0.06986955147641827
ck_70b9274473bd6dfe,0.10346404545988752
ck_473d6314ea614b29,0.02923602995709913
ck_7443d6dca8cd1352,0.3794760818461776
ck_3b49768b448b071e,0.05866627081729746
ck_b43f04431c267dea,0.08823488182244046
ck_4424a5223ba2fe00,0.15229461067387484
ck_819bf3e8231f4081,0.4762171062281312
ck_91d417507a8c58cb,0.8270987158181945
ck_e88e86b19cada4aa,0.44912620183779917
ck_59684167f9c6bf4c,0.8475931839756587
ck_d5f5b0dc97b9dc27,0.42458695842010186
ck_13d1b192bbff8f32,0.22648987101010193
ck_b21d8630387cabce,0.31295634974965103
ck_e4ac22046699b99f,0.1766611049563857
ck_74b848064f2ff45d,0.05667178102722172
ck_166aa980cc87fa77,0.48277555603456934
ck_98e337806104dd88,0.12097619346998534
ck_66eb09be007f0755,0.5114846947248193
ck_3ec9b9d8dd7be11c,0.6067090038524825
ck_8b8b9de339d75d0b,0.4510377296642052
ck_6715139e240007d9,0.3193408039425251
ck_a0255ab46e122d2f,0.27935053093364
ck_66e81a4190c33510,0.20870488363316664
ck_5d75ea4f5c9080bc,0.9392213685290667
ck_df69858b8a8b3165,0.40695001728096303
ck_e15252ebd7553422,0.275744164357753
ck_34d6d74bb3ed11e5,0.06105462012697408
ck_c2608f78f6851d10,0.7248182180607174
ck_bb99071e8f58c8a4,0.8813785669288381
ck_06010f0df5b7cef8,0.5806000569887777
ck_8c582eb0f6c0148c,0.512706333070633
ck_0034d010d28aea78,0.7443569684691769
ck_01c1f06692566ca1,0.2726038733562465
ck_4807726e797fb893,0.1992411418722651
ck_edc9668282e3c8cb,0.6268338915062783
ck_5486768475af7bb5,0.9565522387411156
ck_3fb9813849e51837,0.46830896046659515
ck_861af5a9a9a6d619,0.47137857073212486
ck_da39653add0f1109,0.7883661597678131
ck_74a4244eb1f162e4,0.016945002070640654
ck_9a930faade55b8ea,0.11018512824910989
ck_fb6e06ca88519dcd,0.1508972702153164
ck_9776cd8263a9f415,0.16659387812398102
ck_b3dd1198ac5aea73,0.5806874944221865
ck_b6675a04df1a4276,0.03755095132940753
ck_5c7ad6e731b69333,0.9283085799351822
ck_28dc0fdbaec00580,0.6868363301098572
ck_8e7a32f7e3905f4e,0.10734040667158731
ck_8563fed6674afc77,0.43335513796798053
ck_9a2fcccb82da663e,0.4546717973613366
ck_6a519bdac0d94527,0.055657293232500016
ck_a0dab7aa9c4a39a9,0.3110349253667881
ck_a3ce05e9e5e32142,0.7094270759101193
ck_7a7e40ee3f97c035,0.8862114883464676
ck_9e9a830785112a73,0.35628188880834866
ck_ab1bb02f6b189304,0.9149811552010658
ck_7b8cb0f90fbdc8c6,0.40726670004177223
ck_b138fc249e659e60,0.5160181391279066
ck_e73caa3771ec5e0f,0.15125371004894006
ck_18a55b06ccccd88b,0.44465665487437644
ck_fdcb1d9265d8fec1,0.8801039249280584
ck_e21a900556b382ad,0.16635980497505903
ck_c6bf67470f526771,0.14128470949979596
ck_b568ba3837afb39a,0.005837201450830774
ck_a2858979dd5645ef,0.04615692340750944
ck_1da9d40837ebaa57,0.5035337959162138
ck_9341c7959543c542,0.10106631195941423
ck_c8ad86806b9a2369,0.512541931719652
ck_5c85d93ecfed4b0e,0.6839471181702914
ck_f07b09879d697b82,0.7049247643131633
ck_fe43da07608b1749,0.1779213278153025
ck_4bca22b5926b9c28,0.2021616525225115
ck_aba573aa942b1d41,0.08237542279028973
ck_57c14e32fa4683bf,0.07257156005766362
ck_891530b489ce402b,0.26148874329970706
ck_5e74fdadb93ff293,0.5435231540477954
ck_14436a409ebcc90f,0.36886992309539174
ck_00013fdfa0bd37dd,0.06815456846742542
ck_7dbe24ba01316775,0.1744492210591937
ck_0e3f80c1553c591b,0.45738036813821725
ck_3edc45db58760d76,0.340112686826769
ck_29076a13f539187a,0.8836752622925034
ck_b1e81b58b9a545ce,0.7971141500317893
ck_3f8571d4f7420b2a,0.7941586791627625
ck_7dff6abe4bd644dd,0.9089653342143714
ck_2884bab237af16b7,0.42478707518322334
ck_231e6dd1fe708000,0.09703988314883448
ck_33ecaa7b892e73df,0.25860300395645097
ck_b109ec4c63503030,0.18086678417547353
ck_a7f522382509cef1,0.08725216515326042
ck_748b3ea941d8b3b9,0.8057529411204569
ck_29f3a1737a2d9634,0.30100042464273635
ck_cee8d42475a0f020,0.017974271123210202
ck_c6b6ebe145a8ffab,0.40407234806592285
ck_21c99e1d6b881894,0.01936261695211656
ck_5ad798286384484e,0.2845053406295894
ck_b621b6ffcc7f4848,0.30416674622128737
ck_ea819e337233475c,0.9030656732481784
ck_9e3896c2668ce06b,0.46978481360302393
ck_501dcf1ead036d2b,0.4361148657947105
ck_8d5eda29a2cffa3c,0.5628360041435911
ck_4d3aa36ff83f1132,0.8954422027542641
ck_8e9faf94e3e6c757,0.058191930298353
ck_ce0ec41f96951048,0.3203802538319285
ck_f09165d73ee903b1,0.13577168587489968
ck_a432b1bf1d3b3d5e,0.8587239033785525
ck_ea618f720ff0b4b0,0.6318908688512169
ck_7584e7bd755cb28a,0.2434152320121447
ck_e14681aad43e1a72,0.5815062044234931
ck_5e18870d8e30e379,0.6574807062247054
ck_ff7c26a62bda8089,0.3439079401777998
ck_cc5a35175d381d5a,0.4609292786838757
ck_3c25029e40aa8a84,0.11617966432970117
ck_771247b5bc16c12a,0.18914523421214796
ck_664b5e02759f985a,0.2981239490177173
ck_692a9e8f504b9762,0.11346541469358581
ck_df8ad2deb0a4ffed,0.36645477301403306
ck_eb48c0bcd12ea654,0.3408811990115244
ck_7c77e597c951cdad,0.5435232607655163
ck_4f75144c6f3b13ad,0.5174478806439524
ck_1bcff399166d7c43,0.14287081282833064
ck_975c2aa3d4a8c51a,0.08937700916076005
ck_bc6f07b06aaa4ce3,0.9691413707149776
ck_80b072b7f3c7e8e5,0.14106657104638742
ck_471e4018a23b4e56,0.6791625312977806
ck_53cddfba570b4a3b,0.31652680590188514
ck_630530e50764f229,0.391379791020825
ck_dcef7887a4f1e435,0.5304397720642393
ck_2795921a055643f6,0.2547982596182714
ck_7456df89f3792235,0.09490286991092765
ck_5014a3b07e1f049f,0.9631940883666559
ck_d4ec44760cbe03f4,0.18015004249418404
ck_96810ad39d4cb7b0,0.41685026824925187
ck_3222ea25aa29bfa6,0.06465237441959208
ck_f6c42001b84a10cb,0.7457462914492028
ck_5ac86682385c86b8,0.6848799950730555
ck_4280c33af57eb4f4,0.08782527546190758
ck_05f79ddd8eefaa56,0.5966681590495939
ck_3a57a13ce032a6fe,0.09198126173833922
ck_a721f0d635fad68a,0.06536645308886999
ck_a3f821bdf408c326,0.3493826619245105
ck_0ada63008be5685a,0.57216731267936
ck_8c949bdc6e8720fa,0.6244636661519205
ck_c0d2c56f9c722e99,0.9895826362915228
ck_5d2b9e6e087b8dfc,0.9967211408658305
ck_5217b55593a332ca,0.7542268086166968
ck_7a7bb9be5a7e48ad,0.6496252283266819
ck_24cd0d779e866287,0.3502763092521102
ck_7367917891a63771,0.3818452264785743
ck_4b31a8862a857e6e,0.9460789349050467
ck_81429c4910ca46cd,0.042259584268977426
ck_b35d803568f82d9a,0.15030855848460964
ck_4b00e75c2d2d0522,0.19407307879493788
ck_77fced07f6dff42b,0.3715724287104347
ck_3c9a06eb07c300e4,0.21776105853973277
ck_b3867f7f494db64c,0.5628655729070597
ck_0c45e54897ab34e2,0.7121024316639721
ck_507a6a580ab55c76,0.5818925509736103
ck_291bffc7809f896a,0.6371146724329575
ck_3753cc5b9d02e2fd,0.05289969696469807
ck_4f63d5245b3ac1dd,0.3084395324658358
ck_9dfb2ae78659240a,0.38029223817751434
ck_90f6f5ced708aa75,0.017560070881920613
ck_8b5b5a6b5539e39b,0.9831517831093365
ck_4719112b55d20161,0.18638275649481034
ck_fec888a7108ca52d,0.9894656355444404
ck_4f5d022c99f118b7,0.4447768487123426
ck_e967ff05514b697b,0.7815869588199762
ck_839ce35819bfa4fc,0.19917209135834774
ck_bdee1221b9addff8,0.1941493815403778
ck_9cde4036d0914427,0.4975661393427021
ck_5ac959cbcc5e98f3,0.5809560230247781
ck_619842688294dabc,0.6711732945311544
ck_7373d7b04c7799bd,0.13220989836847674
ck_c1dd3feb9a0b6471,0.21193185182477975
ck_0324a4812ec319c6,0.1798402244032351
ck_7f3685aa2933b251,0.8384259488489818
ck_06aee5a62a67a84c,0.6920469858546558
ck_3428910b44b9d08f,0.594221798604189
ck_c3ba7534cefc1de8,0.5255319879915662
ck_1f1273a67cbad5e5,0.9196143788020248
ck_124565a11b2f8bb8,0.5406148290995224
ck_38e46bc861e0165b,0.5661961123435464
ck_c8ad3f01319c065e,0.6651358124632558
ck_3f94a34f5038f7c1,0.9352730217030532
ck_cee56be5a502fbd1,0.8867875963923675
ck_2b90b76cf4d162f9,0.43959851389069016
ck_884b2e463ff1d54f,0.8427787120778424
ck_fab4f2f8531b4827,0.6482731573780414
ck_4fc6256e0e60a926,0.7035137381082682
ck_0a2f8b2f8a5b6f02,0.16326320460180926
ck_9c0deab8a8367c5e,0.1957606199193602
ck_d3a2a4c011fa2554,0.7123293841413121
ck_4108b4038f762817,0.6652111401742185
ck_4df036e2aa7e1056,0.5219572085295607
ck_ec094eb1cbb3efc5,0.33057927528409253
ck_09f8f51bfd2492c6,0.3261869975572548
ck_b60fb9a10d6f4489,0.8095909849333048
ck_3638bc3388dbc1bc,0.8257408421025263
ck_7a58e0cc9943c39a,0.17384709697545603
ck_37dab6a0a536ed49,0.7550778625948741
ck_adc576690df5b33b,0.3773775364923205
ck_1383b2b1875000f2,0.6035575905066772
ck_43c1248db37a2eb0,0.07161313655518975
ck_29c11bd68858e923,0.017432202165049353
ck_9401f9e11f65337d,0.6221236944892071
ck_ce5ed372b1a2ed6b,0.7690012032399174
ck_08b4619490e751a8,0.9314418081239298
ck_44b9125526acb05d,0.17412400533368982
ck_ef1a1de20d2124cb,0.7656250209986974
ck_e5e2624b7fc89774,0.6297684676814317
ck_f5100511609b92c0,0.016458160531576803
ck_64f3bb17101b7c42,0.08975497605679175
ck_ea1e5b5128ecba2c,0.6104761120680315
ck_516163fcf04d5e77,0.5751368625236972
ck_7f9a748110d70005,0.4953559961755222
ck_d263b55f0a681cce,0.4666442418275579
ck_0e962eacf98a813e,0.14871698483256518
ck_0406931800e0e2e6,0.5211919092730104
ck_0e9b982afc88a3a9,0.9780110198214551
ck_8bbb625384edebd7,0.0068215978220979205
ck_5eaeb87bf6207406,0.9792958492816451
ck_cc3318839c4b0745,0.06752802931113011
ck_08a0355d1f1890ef,0.3092415690707746
ck_af7ffd1a822460d3,0.8515111368510382
ck_2a09c7aa870edb6b,0.3862755515420473
ck_bc04f51c23290bcc,0.7860194499180058
ck_d3a8333cb389f4c6,0.37726314735133215
ck_88e3dd3039508332,0.6781724752525315
ck_b8c7771de9b57705,0.517607196463969
ck_585ababa02383b50,0.08234745294248394
ck_e988c108754cee9c,0.4027398972994315
ck_4a691892d9d6cf89,0.2797832988245793
ck_7cdce37d895eefb8,0.33566743968993373
ck_483fb981a1fb4317,0.39332250111674394
ck_c1e5182bd99e0e35,0.930628950016591
ck_9a1e3ec9a1839939,0.09046467468512598
ck_5c3f13de0dbd5086,0.507501217338489
ck_f4f6f0caaab70040,0.06086743000266312
ck_791be3378dd7d64c,0.3054688170667639
ck_956dd784525f5886,0.6128843774735817
ck_098167eaf124c279,0.5703293170358517
ck_33ecff7914349ebc,0.3575420436818764
ck_e05d44e46c7174e6,0.24277512164891904
ck_1b2ce474fa6582b4,0.6764151020001612
ck_ab581082e8f72e3d,0.11859002573638752
ck_e63256667aa19070,0.6068364730812206
ck_f568772b6cb3febe,0.6675765199215039
ck_dd89a282375bbab6,0.7864345875701786
ck_a39d0bca345b492d,0.48373626691088806
ck_d12d2924d0f7a64a,0.5654214783351884
ck_6a548da1728b5823,0.972058502951797
ck_6d64193681d2a94f,0.8377446868781684
ck_ced6b6dcdc7c201a,0.3512676501991664
ck_d1b0699d26282871,0.6594056791183822
ck_58f757e40a9b8877,0.6457409327757077
ck_3272c2c4a37d5220,0.9778942363249721
ck_d94dfde9e03c9d1a,0.47063433122339526
ck_08a6d4903a7fbaca,0.471383181078233
ck_6c72a36b05fa0f4c,0.5967308676536522
ck_dbb4bd4eda97255d,0.17468266339370772
ck_94b59bbc824b307a,0.2209174660631255
ck_0229a07185f15469,0.09546873034300228
ck_11bf1039f8b3025b,0.42992894693123646
ck_36789ca11459131e,0.8302955571402596
ck_8572c5f5c1447c62,0.4766310065594661
ck_9e75c6641939f4fc,0.4365125282535708
ck_b45e47c39d4dc7bf,0.12142157359167141
ck_02903c48b6cfd65d,0.242128502952993
ck_b153386f1729de81,0.10527993268883185
ck_36979996f33498f7,0.9623772430481166
ck_3c02d4dbbf6716b6,0.0341620293759462
ck_66c9a19963957531,0.6107308815713224
ck_bae8dae7cfd8baba,0.5104778921289054
ck_bba0ccc6cd968680,0.37169041640091494
ck_3267fe3aac05c71e,0.23453743391631043
ck_40052cac10562cde,0.7929606637926927
ck_d973444855403e2a,0.3954327772453018
ck_012519bb095ad36b,0.9879449466375415
ck_ad7c256ea10c4a00,0.8599855374326608
ck_70a60e095e9b706f,0.009687381207526168
ck_f2734417c0db4ee3,0.30862976646815077
ck_9cb89cc3178e0172,0.48926972825720927
ck_779cc0f2de4d5488,0.7713727816195388
ck_35f8656bf93e3b3d,0.5090281647718491
ck_bdd8eba728800e29,0.281610077159766
ck_002cf760d173f0f8,0.24737756052782706
ck_b046067c6ca3831e,0.10489699373319056
ck_a4a42d4bff8af645,0.1533961352407084
ck_bce253d2396681a1,0.49494078413293474
ck_00dafc060c8de32a,0.42654431304235185
ck_968a99e097ee78c9,0.7202206357841677
ck_66949171b387bb93,0.46848188429148807
ck_ad305286702b1958,0.17394751736050046
ck_4732da7e0d2dfc7c,0.23834035978166568
ck_17a95bba77217d85,0.35116248527221033
ck_3e2516a3e35067e0,0.0795564764062532
ck_0b615ed566da1f58,0.5796408818055505
ck_d2b3ce1ebabe9f93,0.571386373705278
ck_a892252e4e0c2828,0.6103659415194784
ck_cf606fd6ebfdf9bc,0.4090516985683196
ck_718865237134ebe8,0.049365011048398966
ck_878522cb775b904c,0.5605782904010472
ck_9ed53de6ef779ae0,0.13722484209012806
ck_3f16e2cd7e6874cc,0.20950280229029192
ck_3c59df37895ead2d,0.11378386191519281
ck_6821459b626d492c,0.009567232420039833
ck_11c7667920541587,0.6723867215061217
ck_23a016cf6b98d89c,0.599208040307976
ck_7137eeb394d200f1,0.7868985901931131
ck_9c4886c5c90ddbdc,0.16144107349733422
ck_1422a7bf7756294d,0.9432883216675257
ck_7ebc5fa7f0d3b8f2,0.44199560962968215
ck_fcc2059a8d5c41fa,0.8256108339648611
ck_00ff7389d6a83e29,0.6884918050271286
ck_03129b41457795d2,0.4365517831961362
ck_38ba64efa7c38250,0.712791957742045
ck_57a6b56b09bff24e,0.5653570941009822
ck_e3b3c5a80a567418,0.023007127976932017
ck_fc40a16adfced018,0.48592167662941993
ck_9d4b5e6b43bad4d8,0.7573103990251429
ck_61129937ee466b49,0.2870046026235945
ck_74112e47b8629c2a,0.8314406291134737
ck_b4703ee97f94d7fb,0.7260849975498116
ck_e560f720a988d8a2,0.8924400558385528
ck_708fea345f68037e,0.18455292811893498
ck_25394c1b83e0b803,0.772289922079282
ck_17ab24fe914ae44b,0.315436879919893
ck_16c501470d9bb006,0.14324302123719074
ck_628f449e248c19b7,0.9093124867304851
ck_6d64190623dea714,0.1466394292997338
ck_504a45ee08db72b6,0.025037785538076764
ck_6cbb011e0c70bc7c,0.009144756165670002
ck_b3225a98acd04f83,0.008622237970614644
ck_aa37993f1c17cd1e,0.19617783998583782
ck_558cfe5f77a55a9d,0.35445389641801217
ck_0d0a1a021efea5b6,0.5049330543468451
ck_daf7aea023b7a8f6,0.477822785059895
ck_d75f25184ece2b51,0.07086402447548476
ck_466d4b5366c50b98,0.10598905343113707
ck_88f27ab479063852,0.5663202942841241
ck_66779098e78c1760,0.0830134380212318
ck_b150fe4efb449b05,0.3079986144110931
ck_9c3aa9f23d01fa1c,0.34015390589407335
ck_6a01c375fc26705a,0.3726878061796566
ck_002eb6552b504ea1,0.5121777661482082
ck_affa5aa0bff9bb0c,0.5106274958928056
ck_027614eeba8b1a4b,0.10097903709802886
ck_67e075c982add719,0.18508118197159218
ck_399b0d510be98bd2,0.18660178268018507
ck_e9b0bca7368555ef,0.2933893070415905
ck_59c29d9c57b4f994,0.8685954660239349
ck_37176850ed68831e,0.6401322728733598
ck_a0db4ccca08030c3,0.9452648015267807
ck_aa188e5c25f7f42a,0.7218708535230302
ck_7de6997178207800,0.527889534232887
ck_c729d19053387be9,0.7995032774981753
ck_f2d3e3d90608596d,0.8886351569509453
ck_2db3fb565e0211ee,0.27746365568975306
ck_bed8a480e27e911e,0.1523098414284239
ck_d7ad9921a4d25926,0.26076794978326245
ck_2a59f23fc5194699,0.7838340206950075
ck_63601a58a6120d8a,0.39875072611218243
ck_efd7b9e22c6317d6,0.5260665620748458
ck_9ab42875a0f95b43,0.5775213361478645
ck_85cb5033fca7c846,0.7018666241498884
ck_5249b223000915ec,0.3272807405897682
ck_3efb0e9bf25612c7,0.2842761826224584
ck_678e74532ac19700,0.5329249696763572
ck_a980b296c95153f9,0.6766758504418288
ck_01ac687ce0d696a7,0.7801192439012135
ck_52e1418cf1aa9871,0.4779747419185369
ck_7d28da4f1dab09ee,0.9245977755287105
ck_010d0c2e6c1657fd,0.7726052820152352
ck_b524f7a2e752b9d0,0.4961096348786486
ck_cc447fcc24a0772b,0.7631029601220323
ck_2cb3c99845e572da,0.019619738281782723
ck_604c710141327a81,0.25618820926139313
ck_8d5fa65717d2e0c6,0.279183306543054
ck_31199510b40602a1,0.37005005801935925
ck_49e253ea12f4e922,0.6457555779757023
ck_780738e0d71e7e43,0.23921426962010658
ck_2cd21137a07fdd7d,0.14931812369136638
ck_5e021f2a3b66e256,0.497794713418377
ck_efbc79246e32c66a,0.6259833057419515
ck_9951bd806c13c7fd,0.6692481120874951
ck_7a52674e2806d8f5,0.5601712032158777
ck_1a319e509f1efa1a,0.24577333541646484
ck_c920901b9a4ba993,0.9685570666998152
ck_b71279e807d0b3a7,0.5353477765093335
ck_47e1032f490bb018,0.058060233627318505
ck_192579ecdca7ff83,0.11666994846915932
ck_b1496c474c4a3239,0.033062666522054585
ck_5e68ea2c5e893cf0,0.5068212324271684
ck_f2ecab85d4693b4e,0.8350046551306527
ck_89d7bfc81c3df597,0.6212003836025106
ck_7929284327667791,0.7651805479163617
ck_494ec63c5ce8e150,0.7106337623683217
ck_319b059bb2145586,0.7748696112269363
ck_ccb3767c239018c1,0.14463246777172484
ck_a1c7adfe26e09a8c,0.4228387727512397
ck_0e13c4f73818149b,0.211690186606771
ck_c285a51ed6214f52,0.6331527092462326
ck_916784595f028226,0.8471415297550267
ck_6cd8e0196365c474,0.7466441990350634
ck_57b657aba4daffde,0.5468311591383732
ck_562c76a3753fc7da,0.8994899454669947
ck_66cfc1ebc9a513c8,0.005223577988787243
ck_0f38d4aed68d7d24,0.891517687880382
ck_d8ddf5e99f7859e4,0.21716325551596977
ck_41bc3efa0fca700e,0.797698470284418
ck_40799e129fcf42c5,0.8690529997301484
ck_786f079389126e44,0.4138028994566707
ck_bb4c6b713eb0b978,0.7642886276572345
ck_4f01f7eac0efaba5,0.5498631306270323
ck_47d29c01b20cf69f,0.3430449128717153
ck_bf15a1f8d67a30d3,0.42719538033319243
ck_bfecad7586f65e4d,0.2249601865201487
ck_fc9f16df35190eb4,0.828877152950189
ck_c09c914e416edd08,0.4168030591425914
ck_c54c5d8e4433b0f2,0.054732751404825045
ck_1694c28f44480e98,0.7885993352789109
ck_1dcaa3078dbb7571,0.06212611887960079
ck_af559f990c640e41,0.8016766567410503
ck_9b436162039a77d0,0.4579187131164145
ck_79d62ef181bd0cd8,0.0410821814644394
ck_23caafc2cd34242c,0.2134281391909479
ck_ffe2aa26f597e552,0.1979620562120907
ck_e6ffd0754ac08661,0.04378445027355876
ck_beaacb4a783db21f,0.4011360715064461
ck_9863bff41d24ce9b,0.27046377397053306
ck_323b9cc5c49f8ea0,0.6692663032777553
ck_ab3de3d3e41c2082,0.6165657764062222
ck_35c93b2924900376,0.3588468145302953
ck_5a9d5f9901e37e31,0.5157299279909403
ck_782b0be796164335,0.03941990682217789
ck_11960b5f1c7a5e2c,0.36528510650661394
ck_9a66cb13a9884cc2,0.5066789987068563
ck_ba666a425930615a,0.3775168151983116
ck_40140bef4db73741,0.5518170488148382
ck_e05e91cc180063d4,0.8517101252177928
ck_c7f6f45710bc050f,0.6924070717213476
ck_055fb9f2e1c8c934,0.6520830400056027
ck_58bb02d98e2b9cd5,0.3032424475249969
ck_d9f8efa6a7800f76,0.36397636288752544
ck_69691226c68fd50b,0.850689619115611
ck_6f2f0396e5b1c538,0.9803476747828352
ck_78bc3f1d0f35ea6c,0.49778137302154835
ck_2d5a6b6636a2596b,0.22712007568924136
ck_7878545739af0a73,0.08628129190327524
ck_03c4fa4f3ed3512e,0.24035353260818898
ck_1a9e51d092d62c84,0.934807558382194
ck_9f3861940d8d873c,0.42145617244156536
ck_4684fdd61c6a0fac,0.636895923869631
ck_715966f86d5c913d,0.287400684151077
ck_77f293d44b4a3d2e,0.4622044721530121
ck_24dae044dc05f849,0.35152384263491526
ck_00b9818e2064405e,0.8376335069727232
ck_c1c2cb49c3c1b0f5,0.9122048232290759
ck_bed50fc64fbbf8ec,0.28245958055875375
ck_4f6ed5ea5ab7c429,0.20874092184225934
ck_458531c22ec2f9b3,0.4581077152625993
ck_51c50c4c443df31a,0.9345753720211762
ck_732d45bd578dc39d,0.3694014694395684
ck_783fe5bc20cd02db,0.7865176985056459
ck_7f188aaa63d1d442,0.33496982136692594
ck_ef307a6aee38d1fe,0.9314413253080291
ck_e37196b20968b73c,0.42475888488233715
ck_4ef9de711c3d93b1,0.36689826396136155
ck_17946516d5df71d7,0.2540675479945881
ck_3534be0f4efd313c,0.8258431032937341
ck_29fbabf855cabdff,0.25017687713310616
ck_191673540d8486af,0.5915435961805987
ck_5f52728d777ff2c5,0.37399095915453046
ck_a045a19369016818,0.996721011705273
ck_4eadbe7298b15e96,0.2151469362976654
ck_a3a0bd59729fe619,0.36138982015634336
ck_a1e77090b1c6ccf4,0.3798382529017146
ck_69ab9d4784eb77bd,0.361741221159418
ck_baa47383ffd50f04,0.3490317513920759
ck_e35b2ed08b9e55a7,0.08582612778110249
ck_b6e3af0a5119d9a0,0.4980409884240954
ck_a7c1dabf3869772f,0.5871587122477293
ck_80b8fca67a14e0be,0.8875978946446119
ck_dd9c5f0c42878e67,0.3462301853585858
ck_41ef7967faf5ce82,0.22971199097137343
ck_a93560aa348d6225,0.6075072814662518
ck_ffe91d6f0bd93fc6,0.708794555536553
ck_fbf630c960194033,0.6411405987567711
ck_497ed60723283c0b,0.7307399672284114
ck_2a46b7ca55239413,0.756205753505575
ck_1a4e5ace078dd782,0.8220740358319675
ck_616cc31910f5de50,0.26668970094063077
ck_0d65bc749eb42710,0.4142799844099091
ck_2408db62e4395ccd,0.6790099942898814
ck_5d7721930106dce8,0.42297496857477673
ck_e8a6acea22b20312,0.883216170204621
ck_e2f792fae128b18e,0.7972574980946076
ck_e6d3ce445b86003f,0.18674933444763975
ck_263334d722ecbc97,0.9651760669430298
ck_8c5b29f6666d4874,0.7746459661550762
ck_7ea0bf310fc20c7b,0.937710837317788
ck_54d463f7fd89ec3d,0.8140013460323703
ck_79e45040dbdd6447,0.4621237857196794
ck_60b4d59953505682,0.9719414525845278
ck_fb00dd5021642507,0.6951832883336272
ck_f409ff994a210601,0.7957672472254498
ck_2ca0020038bfec58,0.9201937412011699
ck_adf84b9df54c3d80,0.5516742749250095
ck_942dbf632591b65d,0.857226511655266
ck_454a7e4d859a3409,0.4137796438208985
ck_2139062d4569aa07,0.7263505951298805
ck_e949a0f4df0b3902,0.939337167591412
ck_bb113e3e6716ed65,0.6306927997212144
ck_6a28ea6ce69cb869,0.8729648591813438
ck_7df9910af2bba21b,0.6609562059764978
ck_78aa4b731cbfe251,0.4325385176040264
ck_5839f5cbd8165b1e,0.6452221417664865
ck_7158ad9e58769ffa,0.8714771478302372
ck_acee218cbe61df69,0.4652737853968918
ck_f8dc8473c2772729,0.8454061018148489
ck_f34c93a8173555b1,0.8594090415030259
ck_7cf301d075e4e709,0.6577021670526426
ck_b87e88ee5512ea17,0.2939167489431983
ck_bed0c020b10afa3b,0.6816222718646743
ck_ca10102961f99eb4,0.11539640341052658
ck_393287947b5c8d79,0.19287852891035917
ck_2fe6cac002142f67,0.6316969796397984
ck_79c7f0d29b1db1cd,0.684766747864159
ck_c735b643d3cbf67b,0.037082875721168584
ck_ea4332c8fe48e2a3,0.16845436487023294
ck_d39864119cdd460f,0.09759457078818784
ck_3b963d6be2773861,0.1693560647829748
ck_df39e3b8a9fd0bfd,0.9363171138957764
ck_6236a461dc0d11a3,0.2876301464551585
ck_475ebccca25e30d1,0.14221842613586544
ck_c10c8bcf5bcd516e,0.787434121471649
ck_49ccc3716a564256,0.5504256271779853
ck_4e4f99102f6938cf,0.2861145465125491
ck_a97b481ade6f7972,0.8374035585092691
ck_3fa559c679751b3a,0.3322426755453529
ck_3eba1fd2c7acc4c0,0.9147528976258709
ck_18c179b4afc4fccc,0.2680222197684349
ck_cc1c0b93d05b7d20,0.7243609498651178
ck_742f7c28ddd019e8,0.3991260183971275
ck_04470bc93b8a0d71,0.34041195163235505
ck_6e8f8ef7a03cc6bf,0.6199496244819842
ck_eb1ddfc353b4da83,0.2574633093643464
ck_98831b57c7ca2e4f,0.05813207023222285
ck_a6c7b8d6e8596d4f,0.6838795459643494
ck_cd7d24e3b095e96e,0.8340698708628158
ck_3f5ae4673a9f858e,0.47471424093726583
ck_05f375fc8ae0afb0,0.5236535251985853
ck_1fc98436281ee39e,0.15477295488513643
ck_6c48c58678f64bae,0.11555918117093963
ck_8c95aeec6a4c75b0,0.5261336475067481
ck_364cde38958b7af3,0.9095424155693395
ck_85bf21aa1a00452f,0.009513874920577103
ck_796d3eaabc667c23,0.9803481651022465
ck_ac449ee0c315edde,0.08721594641167296
ck_6f9fd15ac6b163de,0.045339123081936675
ck_4087065be2a45ad7,0.8704336193616429
ck_ecf006bbc78ee3eb,0.8532014187912607
ck_8ca808cc5a49cb5c,0.3914138679310433
ck_94b90ab8b2dfb50f,0.3922924690507244
ck_59fd11b3232de9dc,0.9794126764145288
ck_67f3794d93e2dd67,0.943986654860864
ck_b7f5acf5df1bb13e,0.18714814656915657
ck_fb04ecbaebb774bd,0.14252964609553773
ck_68ef3e7301c621b7,0.2890461564525696
ck_41406cfa209b6bda,0.05393777047428616
ck_b0f8f5408662337b,0.18654683356137097
ck_0d2901bfe585c391,0.8489588773545703
ck_3398551e81dbf3db,0.4608676606552127
ck_61c3e3e277629646,0.1871271007862044
ck_2825e34dd3e7ea2a,0.09494808756528672
ck_20d7571ba830009d,0.550442252368444
ck_c98b16f9a72a6568,0.156584357586056
ck_e7c8a9e4641eb9ed,0.08221492216133316
ck_254a7c97c36dab8d,0.4724943423603536
ck_e98429675b46272b,0.08806280396500903
ck_c2fc0ac460786d02,0.7321179450644879
ck_fba15647b3a140d9,0.33993229048549867
ck_15ce50f2704227be,0.5316394082335417
ck_8c748aaa4a4554f9,0.5663148496908308
ck_e00e82a9419ff086,0.4839192816952158
ck_832341c98254bd84,0.5143733462546807
ck_27466468d06db4eb,0.6335589826979972
ck_9d7b9e3ff1f3e71e,0.7001372991165048
ck_42c6973d3a6fe983,0.04410094695039414
ck_877c85bad118bc62,0.6559136501927043
ck_75d2a2715259c4d7,0.6832235832929898
ck_37d3e5c681a2214d,0.8484990230415431
ck_bf285dd49f372de4,0.5176664912968327
ck_a5bdd026fa9c50fd,0.6681530467851096
ck_88d9244a9cf7a77e,0.9168343260314176
ck_5881b174e49b04ee,0.1640624155504142
ck_5b16d67c5ea89930,0.46397153665662494
ck_b75b936aafac56b9,0.10237971267515934
ck_aed2681e1646a0df,0.8321523201510388
ck_f63cb5e8cc702bad,0.4610918928523169
ck_1805fcfc4a9e4ffa,0.9363187559134186
ck_25c355da356c730d,0.2495579263962856
ck_70396398e4a96449,0.12736738843035603
ck_0f743bd13373748e,0.39122979761125654
ck_4b387765f0e916cd,0.11206657990709373
ck_e971faae8a10a260,0.08029944545998827
ck_9eb08369e983abfa,0.05159140414909791
ck_c30c5844512e429f,0.8553812971094993
ck_59e77e3a81f1fa0d,0.7849597837858094
ck_ca4465f2b5c1a52e,0.9929753224510306
ck_c89b9ca398402f1e,0.19759102147173846
ck_36e72ef9273e7a95,0.1589285391070896
ck_2bdd8616870e5e1c,0.4709761557175807
ck_216e87a41de22b5d,0.8956721955702258
ck_60f4fb44f5efe3a0,0.26193918621381934
ck_05652e8ace6ce6cb,0.19109353510409136
ck_8c136dc691e65695,0.04908953214039327
ck_a08f8dfadbdca112,0.755661169466852
ck_bda4041a3e90d860,0.3079947313790387
ck_15dd3ecaa8ce0245,0.9523619118570861
ck_3e3c64b3b7876ce6,0.6023227356548158
ck_46225858a38b2e57,0.23273510440589593
ck_0cb9f54928f4feee,0.3019342470046692
ck_152671fbf8a9a78e,0.9086163183547138
ck_ee7a515e87d17d4e,0.34522517469280223
ck_f7276091bf513d22,0.00785073786295467
ck_4f05daf1cf0d5755,0.3553945380178236
ck_83a69c4a5d55ef19,0.5387751054609468
ck_c50fed2a7c9198c0,0.2796636878476303
ck_70d19d5650ddc8f5,0.4722724164829253
ck_4b4d99e443618904,0.29890074088054064
ck_dca0b6ca93311ca2,0.8229572745796521
ck_b7431d4706461ec6,0.7128135449413668
ck_7b59d22cadef3b05,0.9290046713179446
ck_53428573abcd606f,0.25637929360266076
ck_f538ab6aecf2adfd,0.35269275072890605
ck_d321249fb065d2fa,0.40267181541447283
ck_72fdfc7e6d8e1436,0.18705008550142127
ck_b52b99dad89ecdfb,0.5251563931858386
ck_d2d4282f9d256b3e,0.1944248695136046
ck_c8f2a1dd8a6141a4,0.1251496751992164
ck_8d38747058d0aeea,0.9548057953476936
ck_3ac528caac74f563,0.4002678596734171
ck_8dbaaa00ad829ca9,0.24974898256214867
ck_7c38ec898f0fc21d,0.20544832981162384
ck_8171ef803f5ff604,0.5048714689367864
ck_01a750db6fc1168a,0.7664950629944586
ck_ceb017baa26e98c8,0.8919789612796517
ck_e2c66c72cc0b0f78,0.8825231775603082
ck_8d9518f64b222416,0.364600225100742
ck_804c5a1fa5753617,0.4361517172963709
ck_fca7cc9c42695453,0.17667169846793376
ck_3a632cdf2c19051b,0.848855811910048
ck_b2b63ea65edf1dde,0.5873408207997816
ck_27b07021500ee841,0.44011757901800097
ck_9724718fe64c6557,0.9771936700658355
ck_2786cbc3e75ec034,0.9255251298139202
ck_d9c2622cb6df380b,0.14000196591728756
ck_ae1da8ee98e402a4,0.5265367872113021
ck_62967b91504149f9,0.13224768685871174
ck_6b255bf68709109a,0.5589868571387759
ck_c55afc68421d85e2,0.4553996514714093
ck_7c7266f6ef2a8466,0.4134867436483565
ck_885cf685a9541190,0.9690233963381077
ck_1a4bb7d3d2ee3227,0.6457335348858126
ck_b4911c42f3bff740,0.1073850599049658
ck_66f9f78d4c6a3edb,0.2621969375159938
ck_49bdba9ee1899dfe,0.25035480468534616
ck_79b235d51718435d,0.7423316679668934
ck_d840db8cfe2ef6f1,0.03343012716549399
ck_610c7bcc1cd7ecb0,0.5279072066756294
ck_cf49b6544aff6c50,0.9211213158349179
ck_de05f97c3d40dd1b,0.6272656903590259
ck_0302f67d75973dce,0.7122194115939483
ck_54c2604c9ca6256b,0.14251655432447452
ck_a1c88c0568f142d0,0.8497845476614597
ck_5d72ff6cc2963d1a,0.13028813288793284
ck_0446920a1004c596,0.3311647739405316
ck_71044c29ef071570,0.24085502644884413
ck_2122e9bb1afffef7,0.142113497797602
ck_d1e3de178601d3c2,0.8275574293167292
ck_bec8324a3587ef04,0.002834616273522421
ck_b616b6f45225f319,0.8905950013526546
ck_ce1e695884511479,0.6599154473118178
ck_a662b4bf900781e4,0.01607310871795076
ck_b5a84c5547378c10,0.16826594444812243
ck_f80af368cfc6cb7e,0.35372523996665073
ck_da3526ab6c5c884a,0.7722635924272894
ck_bd20be9a3392d79b,0.10092751828336208
ck_b8266dcd90cbfa62,0.005190831283013819
ck_ac84b33304362c06,0.4947114977941375
ck_794d8935a895e33f,0.5489091137097308
ck_8fea7d915259f1be,0.2795093065134935
ck_7a1519ad5ff45312,0.008767599410505606
ck_9bf3ce30b65f75c7,0.8726215420714298
ck_5f864d72d1eead99,0.806225711511791
ck_3c48e0cfc2a58041,0.8937152550805827
ck_d902183f80cc81fa,0.5477153971894357
ck_539cb0d117db8cd3,0.909310497788
ck_28f530aec8e77130,0.3114819469485834
ck_e7d903c50d353361,0.3301047632152705
ck_d288b77d1e227970,0.572461490995871
ck_017208fcc01b5d40,0.09364351378519428
ck_7e3923d278a5106e,0.29968299060549997
ck_9700a00ff9e66216,0.4117397155969988
ck_5c36c78b7a4d138c,0.745903458144872
ck_c457e9c9224b773d,0.7655990044355288
ck_1dfa91405d7e66bc,0.6165005428198904
ck_f1d8a2695a575e56,0.7025410216623189
ck_3b92a46daf8d00d2,0.4144438535164071
ck_aab23b5470469649,0.5976822326802306
ck_ecdd01a391610d99,0.1620287525237168
ck_abd3aa292f8edb4d,0.8218766942787392
ck_7fc9a0776e1339e3,0.022975624220432964
ck_c0389ebeb0e65cb8,0.3776779895795467
ck_48d0fc4f6a2109fa,0.9610954117866868
ck_571dee4f3336c7ce,0.20554700881336435
ck_4cedf26628c84f26,0.42211872980141163
ck_63356762d24aab81,0.29671697211253467
ck_2c5bc11bb7ae5d2c,0.934111368191787
ck_6d26a152f900fee8,0.4660393520726897
ck_c972b0e781efed3b,0.17489577252853683
ck_fa0ecbcf9a33d6ce,0.1656597438436306
ck_fa3a766e49dc77ae,0.10026248026948742
ck_7baf1e55db0dc558,0.5437531005099028
ck_e8bc49e6494c1f37,0.12888212587020217
ck_8ef1d05cc1e53e7e,0.8019006230970633
ck_cef2a485a77e0723,0.4172220043315942
ck_228a583f23abff48,0.10319787539138592
ck_ac32c6e374782b27,0.6540750295675828
ck_b9485218cef413f0,0.2786110681413383
ck_7f15503048915d6f,0.0777065437524676
ck_b62f5144db15ad34,0.8786054455694408
ck_917d82c552f95a23,0.5581594578999158
ck_fb4797045077bc6d,0.055809234525116415
ck_2cf8a44e041217de,0.8086249982461943
ck_b7dd681eb3d2ee38,0.43568865858798156
ck_e9e8cacd2fa35e79,0.7137198715450046
ck_342a79f91de5d1fa,0.2982672432757691
ck_2c91f62c05685ed7,0.7400790745288167
ck_e30cb64302939f38,0.8449472203937025
ck_d0e95b90ba86da10,0.03745372144586403
ck_1774faf414a5d49d,0.9838530107051889
ck_2401e8ff89e574fd,0.92239544083983
ck_0cd8802264e0a1ef,0.4134919591205727
ck_da84a0dfe947fd3c,0.29452412866562655
ck_c8affb27ba7fb5db,0.43254221018718053
ck_bc7ece8787ca7200,0.35099690783966275
ck_469a0578d05990c2,0.02214324073932438
ck_eef67f8dea702338,0.2371888140316944
ck_4f490e379e9ded9a,0.25326338379253915
ck_354379de065a8ff8,0.3448586095953641
ck_5db1cb368bc41ac3,0.5369336998831491
ck_9b1c3742dd6fcb8b,0.5013496879204482
ck_63ce4f44c92d7143,0.5387859550957915
ck_e15e3390f5ed45f3,0.4640788583530264
ck_da645ea91d66aa6f,0.8817183900254452
ck_834ca727df855f07,0.7293008184942896
ck_e1d5ad20c737c745,0.8111219080786165
ck_ff8059ae5fa5f1ee,0.06032948531632082
ck_8bb9e75393954a1f,0.24882588274062098
ck_4e1757d1347ab387,0.9946141924585137
ck_af3f74b1d75a5d95,0.8535497343811778
ck_6b1ab0742ff04c3e,0.8999455522135599
ck_f56073911c9f1ab7,0.17060145539083438
ck_51bd5f69b4fe0b92,0.975325272592823
ck_fc3d95030b81f416,0.011344036214205636
ck_cf78169633a1600f,0.341332418487875
ck_ad7269eaa65c67f9,0.5583896271408292
ck_cc6d33890d47a6cf,0.8265237501532414
ck_bc8f31f4a2ffa1ae,0.43726083420086614
ck_720776a46e56dfa8,0.08644238312976465
ck_e2d1f212f259539b,0.13639658736945806
ck_eaf6f7082c3db2bf,0.5022855625443385
ck_773efe58c6278c3c,0.6041760844703455
ck_c4a72c09f2fdacc4,0.5148108023096769
ck_8982888dd6611143,0.0668016983590022
ck_9d5049e195eda029,0.2638999409808933
ck_de58ef6f9fe2b546,0.04089933736267995
ck_c0b50c11e4f5adf7,0.6879518731519969
ck_ddaf228487858bb8,0.7010326956568037
ck_eb2323215ff70362,0.6904604143952292
ck_168c96a1a636ea15,0.13677340676272395
ck_9c46711b14d9eebc,0.08749155942796376
ck_de8af660806b97b5,0.278482734715257
ck_6ab83f45bf16eaa6,0.2914057797795144
ck_bf2228a052815840,0.5232460555171732
ck_3f943f20a9da9bff,0.5639567191496124
ck_3baae40454c00938,0.4659726527450634
ck_bc2e771a1d8d2dee,0.7382659780161613
ck_e55f5ca37f30ce8c,0.320902816626943
ck_4ad5937bef176d89,0.5299158547437968
ck_126531a9126c17c4,0.06405393464897782
ck_7ec423cb56257516,0.6846155283924998
ck_54748ae0f2daaf10,0.6175636765038972
ck_ff24776280ceeeed,0.2824509821736484
ck_3c3a1a1365741bba,0.11187327971308061
ck_615277c8a4e2b18b,0.15341533868430185
ck_a96aaef34173aee6,0.9207728182600134
ck_bea56db7f3e930e8,0.15147048334395666
ck_ca491debd3b32a59,0.7240668284006433
ck_d9ea77f4114a389c,0.09563148331362127
ck_322ffda3332d08a2,0.5559057301763771
ck_c40ffefe4e30b001,0.8161349049101347
ck_3b1d7648d4580bef,0.3520862851803591
ck_23981a3261674131,0.3554647539258695
ck_11667f5b9fac7bc7,0.04061229582427674
ck_646bb3c7be5f0817,0.3877870344613387
ck_ebd0a45712dcf07a,0.3732005553976699
ck_baf43bf1bd963f9f,0.4478807309192232
ck_e0ca2c819658f6b6,0.9911032529532251
ck_f0d6633d0834fff5,0.7776034377128406
ck_91081be0254878a5,0.5407620201989356
ck_1325000bc7f35b5e,0.3531752635807453
ck_c624b9063400fa3a,0.7410579800362751
ck_0ad6fa0e23c3bd0a,0.784280507993039
ck_6ddb55b1f23c6cb1,0.8347890179250315
ck_dce1fb3acd65562f,0.19023713579071727
ck_a9aa389688ee5aea,0.2753204957283056
ck_5c5284c45d9ad8bf,0.7961248045371871
ck_9ce743dd3e92549c,0.6158689034562912
ck_8342e08cc2f9bcb7,0.1753689692065264
ck_25e551a0a8d2fcc2,0.4685504984744315
ck_d4fd0e438c97e0c7,0.794756941413908
ck_ac7fe1c344190c50,0.3663516400928699
ck_ddd65711b5651f89,0.045139843859242745
ck_ec7406cb5cbc8f10,0.5280288704505979
ck_1c65e8d5be3b9c60,0.8979819018575925
ck_38ee42f15a573e81,0.5897687639411684
ck_0e5385c70c6de025,0.31023755403839004
ck_d3137f0f7629040b,0.05298775648732708
ck_9129c92c12e0c8b4,0.11805967113195454
ck_c86520a00e50a926,0.771444256657891
ck_87f82b2b5fee757a,0.45673693950266414
ck_643abfbd7548d0c9,0.1923017347998285
ck_be51f4e5e6b85768,0.8436854007123946
ck_132c16312f37810f,0.7082944382033727
ck_c78c096ca8cb33ac,0.10391549667687884
ck_2ce5afbc014763b8,0.6830650876196352
ck_50ed8f4e7ae6710f,0.2756153472083824
ck_5a4eb535c9a11993,0.5950572228522076
ck_9b665ef46d785324,0.26358099790972267
ck_e066f71f8b296b7a,0.4355591571260874
ck_560bc6017870ab06,0.08262603655264089
ck_fd78f8a8663646d7,0.36654617966517966
ck_4af5ec61ddbde1a4,0.1921060210956922
ck_c2ed04a9d218410b,0.515506866420259
ck_2455d43bbdd2bb69,0.2245391628857341
ck_56eed7041add49a1,0.8894435523565242
ck_5f0be7b468a72333,0.11998459898889836
ck_19660cec756632ca,0.3255093595904611
ck_fb90408f4892a21f,0.6552937524132783
ck_833a65b86a5d9bda,0.0454325782114949
ck_2ac36e1dff211d38,0.6054186551837029
ck_c00e70606904539a,0.2080297574049383
ck_ba8affe4b9505a95,0.9381760659124487
ck_0c3dd22587b08018,0.869973131243283
ck_618c4e5cfae99dcd,0.7970009248789198
ck_c9690baddfc4177e,0.08169529637821334
ck_59fae092fb0c4aa3,0.5450368148554336
ck_e03b7d0fa0b28f4b,0.1787270958078738
ck_d451d24c780b5884,0.015231839610840603
ck_e980d325b8dbb8dd,0.14349008730620647
ck_cff18e2d8c520272,0.4500145071351917
ck_a0e46b67e986ab56,0.19784751796939437
ck_3a469039a5b9d963,0.42601301849499706
ck_12cbb211ebd2b437,0.2811817708711247
ck_b8cdd6d6dccc4554,0.28334340636904587
ck_794ba5921cef50c9,0.8364258861802657
ck_2c7667f64edec2b5,0.33639289697030583
ck_7262b4e0c29c942d,0.3010677571455394
ck_5d818522cbfe2a54,0.740663985268025
ck_de39c1947fb675ee,0.597464410987248
ck_c021495606b4735e,0.2618257854084875
ck_1fc03ba33edd9e67,0.6476198039374266
ck_a6fe344bbf67f14b,0.24516741365740247
ck_963762210edc5694,0.5865648352960282
ck_d064428b7e7dc409,0.41182111024193224
ck_59be61b53d971611,0.09616879726775437
ck_ec8738ec663cd2eb,0.3119819190397284
ck_59d086fab5998646,0.8196857153173052
ck_bd32dd3b2cbb7888,0.9918059775739014
ck_ce0166addb93bbad,0.10529009144574386
ck_7c0fdfbb447cdc04,0.5063847659970278
ck_cb1bd7635968ed8c,0.8730808099612724
ck_66f94903177f20eb,0.17380167402124466
ck_1d7cd5dcbcdafd7b,0.9287729911436629
ck_5e418a7c04437b4a,0.7930266327133806
ck_631ea1ae91ab333e,0.7543957471843483
ck_0a8029e79a5ae7ce,0.7231781797290299
ck_c4cca8278bdad9b9,0.27173369230766464
ck_4dec3df58077a257,0.873886319962423
ck_609c249edd88c565,0.10775385084070757
ck_02e5f9cbbbf2f078,0.7303610315943864
ck_32e486859130458f,0.961561999131898
ck_21ed2ea6386c5a07,0.0029026633354075895
ck_1242aa4496576a99,0.5810627400418872
ck_475ea9aa6d3898b7,0.4990174983108534
ck_fe1b1adae3be70a6,0.9396856819549363
ck_c5414d7a8031d4f5,0.4299975223968159
ck_ca1f6f01868e978f,0.3736855059360354
ck_5eff0208c74ec714,0.15793866520713767
ck_a315c9619a317609,0.24009321431781205
ck_2b87683c90acb852,0.42902126255835993
ck_7cd9f39c50748ed0,0.1117549069818225
ck_16a06d58d71935bc,0.8759610248068328
ck_d116e0e7c19b878e,0.9116301192073475
ck_931510e384b1d0cb,0.8092754083296426
ck_e7651fb87bb24132,0.040870343002695035
ck_88ef9f85948e1a01,0.617616953414678
ck_17bf38d51115a8f3,0.12126671155926098
ck_2659d1d3762a2825,0.10195425465759028
ck_a7285955e2852686,0.34604714045968227
ck_f2c33d5b65b321db,0.26046262074187154
ck_83e5979334345622,0.4076019221825983
ck_629537d8b4d0f395,0.8123815800949938
ck_72022008a92c9386,0.6607107307375626
ck_2973b8274f0bf69b,0.7087541673996083
ck_565e3418d2f4061c,0.17028899479297746
ck_54bb53b8f8ea32ae,0.9778942363249721
ck_af0a6540ea7a36b2,0.0882393659620863
ck_888651bfc2c8cf70,0.3602751926487729
ck_1dedcb48ac381a1c,0.7542996247722566
ck_f73273e220296be8,0.4268802499462052
ck_8424bf65223a5a9e,0.15327685349494224
ck_337b930fd149a696,0.22056301080182017
ck_8a4952de8a123ef8,0.6284827278906008
ck_884168153c9c0c81,0.5216033317266222
ck_fdda581aec411010,0.20645933944368527
ck_2b7cadbc8b180d32,0.9264528632256956
ck_8aa8b9968233a1ab,0.05311437389760324
ck_0af18b3ce015d294,0.19601057424634263
ck_8dde670a735d1e90,0.5724651021423381
ck_62f46226f244139f,0.5779159748455542
ck_f948e8a8fdd79b4e,0.053311941953571085
ck_fa00aa0f3e859904,0.7170343164353523
ck_fc7935f784a4f249,0.21438269895280768
ck_e7501307c0698e5b,0.5781537817666516
ck_549ed417f2834cee,0.300515966355687
ck_fb2a35571ec719d4,0.9147494609548028
ck_25822068c86c856f,0.38666910574838065
ck_8f35d229b62c8f23,0.2827233848079805
ck_bdcf049c1e7d0c95,0.5944846604432801
ck_0aa9db36eb16422a,0.2922406895239285
ck_42dcf92e9e016922,0.45998833962936736
ck_42341cf31c08c981,0.5826832017762065
ck_0b20bfc515ba42a2,0.3943782731287152
ck_0ec820b670d48098,0.007359557213323615
ck_1f0bafec397da8e4,0.6574111357747345
ck_82f07504ab59ed33,0.8683631840803604
ck_337b24a474010abb,0.9851407451281183
ck_703703bda38fdcf8,0.23659611266659678
ck_01e7960c63dca3a4,0.9521287232231057
ck_be5bd81e3715cb8f,0.9933277670910214
ck_197f8058cea1fbea,0.0552877079445045
ck_eb3fb1106f2f1b21,0.5477052756672498
ck_658b4b54be09a4bc,0.9816331248305159
ck_266ce7ccf41ccc50,0.28511317433970096
ck_110608c3b03d4038,0.9408477848519123
ck_1be8cb95d6d9bbf8,0.16685520025473422
ck_8e16a64a776afa82,0.9015636599631891
ck_34bd190d37eda534,0.685409237882018
ck_4f521611ae14ae66,0.23176496959538548
ck_d839798f9520363e,0.7535263129373333
ck_d1bbfd246c0ac9d5,0.6997368227313701
ck_f19030e6e85a6776,0.5311181054263867
ck_cdabe60ab59f9d5a,0.701801888917317
ck_bb84b2b30293f566,0.9255265244645521
ck_427b91925952cb40,0.7356994235473923
ck_1078b1e155b5b640,0.10774594765955656
ck_95fdc264eac72fa0,0.4566971435710141
ck_e35eb857c61548b2,0.967623857850761
ck_69bd0b1abea7e1f0,0.8708958395254609
ck_59de511b20c842ba,0.48897983779618764
ck_168e7ea341a36b80,0.04384121710374925
ck_4937cfa6526ea138,0.3681950735261354
ck_bb1a981306b750ac,0.8258024877285446
ck_f42a43e4c3f34ccd,0.2972291786959107
ck_c7ae1d4b3ab38185,0.19422380683735604
ck_bd23cf9bba1dd33f,0.4017347117829786
ck_0fd826fad7ec7cd6,0.6944730985529901
ck_f143641bf3dd0414,0.8592936243377013
ck_ad6d48c20a3688a7,0.3072085950190548
ck_7bda5b5b927b2905,0.7876842281759
ck_a337eb38eefdcc88,0.6180986935329011
ck_403da2a2d800df9f,0.8521800473915317
ck_aa01d5aafde73d0a,0.13972311944002835
ck_494954023f0eb309,0.6552786928569492
ck_1c6820fc38135ad9,0.2839396395020979
ck_0e0bab173622db9b,0.7555397847183913
ck_547090bf35a3b243,0.2818924558389133
ck_d69455220b21dc9b,0.1879375304363221
ck_90b4ac695b9c6bf7,0.06319340836531828
ck_8d2afe17c0082e6a,0.5004386095480202
ck_926b81c0ba528eee,0.8795349764700277
ck_ce36b0c287bd198e,0.6849381227753932
ck_8026e017909aaa6c,0.16756042603524177
ck_dfba788f35d4c372,0.49879326794616885
ck_f09f9d0e0886e0c6,0.060718487651220315
ck_4ffe0366df388604,0.6823854851154705
ck_75bb521de55644c7,0.38323826410502443
ck_81a960fddf79ecf1,0.9750919279715689
ck_8f43459991ea511f,0.15633748267416775
ck_f878b68d66fbfd4b,0.18220217285040696
ck_e84abfc0c747c9dd,0.9775445773826276
ck_3ad3fd3cceb56b66,0.9550402607645219
ck_7cf562578c7f158a,0.4052305352626603
ck_f81a97d350397306,0.6064120662269106
ck_255d87b7fb40caa5,0.09256203935685685
ck_b3905153b9eee924,0.5813419657832094
ck_2c80a592fb4cd6a3,0.014019773385860856
ck_57deb202d4188a29,0.3677555302262766
ck_e3cb5f31d8e94448,0.9877111653114078
ck_0db62d5f7f75f80f,0.3029104470274949
ck_ced9163ea85589ea,0.9179921857085562
ck_e16528edc694fb33,0.9813987920285381
ck_78cc5ec4940fec3b,0.45094314016238013
ck_31742076e9a998f8,0.6069030052355157
ck_5ac335f02280271e,0.7043438423082518
ck_7cc2e091806cfa5b,0.6536504246754355
ck_3152c7115257f084,0.04415572179205398
ck_ab1b9d019921bca7,0.400017928464962
ck_c33a762d98f9b290,0.28087244184308857
ck_b16a7c51b6f7a6b1,0.8204709925746301
ck_97402a153348e68f,0.1253298686977081
ck_95391029a21caa24,0.20230244043221352
ck_c2015a1200971fe9,0.2963190057939503
ck_ed4427962c68918c,0.9721737004032305
ck_c5e4a17d3efb19a4,0.8816046608698676
ck_8aec3d3dd51517c2,0.09758223857453102
ck_f5178a658225d8e4,0.044550770658380284
ck_8594f165e95316d2,0.19394956059623808
ck_f0c4aac04076a6dc,0.08306515300887943
ck_ac2f7397801036ef,0.33192907824506923
ck_d1ea4bcc407c7d5e,0.16156993431866976
ck_cce8b6657a538fe0,0.5569638508192929
ck_66d0c6d6b67a8d58,0.7952533845922434
ck_1a6b30320835e57e,0.5538241784370128
ck_8cd274cc85aa35d1,0.7307346011195706
ck_ada46085a78280e4,0.42126349626854803
ck_ce1b06623e4a815e,0.07582165688623968
ck_45e70c8a9686580c,0.684898962107871
ck_0084d8ab6b1044f3,0.35188594059679923
ck_a5f7b6fed6df2aba,0.8202496634916434
ck_94940d783e7988e6,0.20371088934461273
ck_00f9ca84d1d8ae7a,0.575485530892009
ck_0deb56f3f6452818,0.3532175023863934
ck_a58e900469dfc3f0,0.12482236668496749
ck_028c41b195280980,0.35898669350566204
ck_7661d7ceaeb19f97,0.4335202808903195
ck_6957905a65c47879,0.2303581670063416
ck_f7c6c26ef3c4ae06,0.2122403180580013
ck_8777beb11aabd66d,0.6159498938971049
ck_7db098a17374bbf8,0.9567858922212455
ck_66aeb00e44486cda,0.9207725443538062
ck_838c52cc1d315ec3,0.12329124139527711
ck_1745847cd4e5dc83,0.6742900961217148
ck_201687857ec8b3cc,0.6238634228554936
ck_81818169208a8cda,0.731700236733198
ck_3303fd3f64632c7c,0.6444036917109465
ck_edf1096809e83ef8,0.1340205887641756
ck_235ce9603c7dccbf,0.3492902675662486
ck_9df7e153868bca13,0.27081882581565286
ck_3cfeade2cf270fee,0.3413348486211687
ck_982b0bf2e2b6c4f7,0.2578913535241209
ck_faeb0da678bb86c0,0.1133115889101652
ck_e86ad2fe815b6ed9,0.5971178299140736
ck_70d69e5d1bb99e85,0.3944327822536122
ck_7e9a8924eab779e6,0.9694906856214274
ck_019d5891103e7da3,0.5239950363133954
ck_14f0484b3817eda5,0.7753487090737982
ck_85de63d278f0fbae,0.13941534659866353
ck_ae91b4cff57fb3bf,0.3338609700545001
ck_2a6d43b9f883b78e,0.9480563538494131
ck_7a4e3d553e8ab5b7,0.8919823106975282
ck_fdf89dc69f700f84,0.7520272480243134
ck_f92e04024bf13558,0.04625439605640824
ck_4a522ca2dc4831a0,0.1522139420133768
ck_68ba25dc3385fea1,0.7962604851413742
ck_22128a4f0d033422,0.48399327541178294
ck_5b52ee0a13c71590,0.20140559758301407
ck_59472d17debedafc,0.536631324265201
ck_9dde2c63acda3ba3,0.10571519879232791
ck_7510b1023cd08531,0.4652254021175663
ck_071ddaaf2e4e3671,0.2563555888756408
ck_1355db6f4010232a,0.6547309698905174
ck_0a7adc2f27f98510,0.8766554104138755
ck_68250033717cd59e,0.6934315630324372
ck_7c12de74de30b788,0.9132498827980859
ck_65491367584c730c,0.3735670247607263
ck_e9047964952bee70,0.2505190680179368
ck_5567779d6ba184eb,0.4737195342640377
ck_d6ea026357ec6477,0.24530092511886506
ck_cd7dcc884e283746,0.4854027563054868
ck_0bd77fea8ed75a15,0.37086643934014807
ck_e80883208e8d0453,0.19398456727496052
ck_2ad0ecbacd5acf8e,0.9584171419277703
ck_6c1dbee7e8fdd5c8,0.8822923994828377
ck_ee4d9a7449515908,0.2902868819805547
ck_636111f7f030496c,0.3799200332599782
ck_2c629c657f73941f,0.4231493705059034
ck_c1c9d3842d758420,0.7031362231839235
ck_e4df7faacdfe8c40,0.35058930248282566
ck_94e8142728e44380,0.8758471172642748
ck_765aaf42c5088545,0.7252950487996436
ck_e0f845159b6e6a4a,0.5898304884090835
ck_5bc07deb82edbad7,0.37680848937566713
ck_713159c5c6a7a4d0,0.992975408798025
ck_b08afc91d9ca55db,0.0939888858382488
ck_a7bc323ffed2ea97,0.8839053970352369
ck_85ca825f905a34a1,0.4523242215749437
ck_33160c443d4b3f19,0.49176440020329637
ck_832d39c590a3ca75,0.9798799667605056
ck_7d1661a34164406e,0.9655266877925405
ck_c2466fc40fc9d5ed,0.989348479667949
ck_ed0e776c0926ce67,0.5396752605096953
ck_cdd2ebeec75bfa69,0.9567853597244682
ck_d7877684c7923ec3,0.3656881107806438
ck_7384d4d2406aabf4,0.23384963645515444
ck_b8e5244e650aa81b,0.530784391589644
ck_25a1ea40b2d59254,0.3697384176060011
ck_b9e5b318ee4de68d,0.1553954390476653
ck_620d7ae27af83cea,0.5236772208174036
ck_40b4e264d1a12b83,0.9362011803945705
ck_b694c803b62862b3,0.6306042337276566
ck_cbeca201dbade3e5,0.6316053556041719
ck_f9b439c9161c3e52,0.3316147748988761
ck_9880410fcd10a28e,0.2635091528762209
ck_74928f5f91aa12b2,0.6063239497248415
ck_b6673bbe61d2680d,0.3041629301252692
ck_53c8315b5c30acb4,0.07868660830994204
ck_78f01d78ea79642f,0.1446760165974058
ck_8582490d6e365a63,0.16038662692693806
ck_af25c72d16299258,0.010532648151182825
ck_7905fe8e257b0449,0.9005270747045189
ck_0d16d9349e4a9e08,0.54613560668259
ck_31b16b8848584e98,0.30569589313726153
ck_67207e3eecc02d76,0.6689313160008854
ck_e6b95ff91116a592,0.2867911249236854
ck_c08f622bcd6de6e7,0.46397859255010865
ck_f9a68da9e0f0bc85,0.2876673394419282
ck_4072b59388976896,0.08995700637901097
ck_8ec86e853ad52828,0.7558753774333637
ck_4fecb87eaffd5cb5,0.013646786889861814
ck_d6880578428b965e,0.8699838429342079
ck_bfc82b3c1c9f2897,0.9474757763041339
ck_c340644176ca03e7,0.3803725586996075
ck_321e740066fb05c3,0.890248455803792
ck_8929d2eb09872052,0.831326376442023
ck_205c107cec528414,0.9320216235180638
ck_e76db7d2562f9836,0.5993627821578051
ck_9ede51c8434cff6e,0.6822667869814174
ck_492e4b89c61b7b6c,0.24319202274756205
ck_9385f5a1eeebefcd,0.40600299110357696
ck_ee52c7bf88f952ab,0.15481561434681695
ck_d8116c34302021d7,0.4732390572867753
ck_01645ea51972e99a,0.5824998555631952
ck_7b45ed23304a854b,0.36229570656525545
ck_2096d32f3d497ea1,0.8657186289218962
ck_dfbb2056f1ef7d3b,0.35833307972084966
ck_938ce30c864bc7df,0.04212921315794891
ck_ff30dda2c881a4bd,0.9207728182600134
ck_f88c79186a082beb,0.9034249231240807
ck_08c7bb0f9851cb76,0.8497674510281854
ck_2675e7a008e584a7,0.8940572609944639
ck_cbaf8a954281d4e3,0.9770771778613421
ck_8b24eadf6c72b30c,0.9266854213183127
ck_ffc8e3c1377d0706,0.6182999869741076
ck_5b59e859bed5b40e,0.574532504850171
ck_7b61717f172f9317,0.9594645083418174
ck_e5c30947b732f661,0.8676730704883817
ck_bc273f3ce79f7e1a,0.24589171895439307
ck_f69e93388b3028cb,0.7635982351565069
ck_3837ad850996ba60,0.32336678185659967
ck_36d78ff3bc033ee5,0.31278785120899955
ck_5e20953547ba4135,0.8942876180959796
ck_258d661e450ac870,0.559390797611337
ck_1df66f537496ca59,0.7146688363394073
ck_361f535599110201,0.6468491904178622
ck_337e98c69f6e7886,0.11870907088524
ck_d3d5b2717cfc3913,0.5886333447291452
ck_b1dba768dbe7affe,0.683344756011419
ck_92d782bd9ce0d1e3,0.05660566916502677
ck_26bd0f8898afc8ba,0.04604023553571142
ck_7916e53daab36745,0.8031461365568259
ck_2caf553b31831a50,0.21034847394913053
ck_c6200734c7f9b2f9,0.9558550808580932
ck_cdc55623cb16e6a9,0.20338272186511927
ck_57849e15b61c43b4,0.7473342897224289
ck_b7af9b2ee0eebbc6,0.8312651748628752
ck_00aa5fc3b3bc66aa,0.7947410637277563
ck_9929723f65636c7f,0.9865429532855414
ck_8f6cce9f69912983,0.2655873221765938
ck_c422ba389ff00781,0.2107065179627062
ck_9ec7f334604a228f,0.6491888786419546
ck_5d01200ba3341462,0.17774187216418283
ck_2bf10be403849c9a,0.251153308438737
ck_6ca018259f70858f,0.4824606700381966
ck_a54dc042ebb7c766,0.8740001784767774
ck_79da63fc100830b5,0.5647101751858694
ck_67ab6f9e05c85085,0.6440960502282546
ck_fa80da579ea9afc0,0.30616087523656776
ck_4339f86c87289222,0.948173983862313
ck_a2299b4f530be0d6,0.8329919125905776
ck_19db0bf788697c2b,0.49591713952001204
ck_fa4211c4d826d830,0.10642874464547583
ck_96100d5e8e051e91,0.4237443508977655
ck_5c3a671883d58b3f,0.06825370339218567
ck_2d9524787cfe1ab3,0.9489864793008433
ck_47ab8e51e5b3a2d8,0.08378994423579562
ck_c924f36bc1bbbaa3,0.1653897132185698
ck_5c58e7f8fd55e26c,0.3131833620622865
ck_a07e7409d6d5aa06,0.3661145202766162
ck_c8413898f5f7cb7d,0.7542844412896561
ck_577c816b41cab002,0.9891164950892611
ck_9f7807ed64cdb728,0.6409258051147335
ck_495d814d6d6d521e,0.22479472170616938
ck_7aa8bc018c2b003b,0.4532962601935763
ck_7c3a6a82f3c3241d,0.25359259350526187
ck_487f7fbc290e4ae2,0.15195106495517818
ck_e556c4d36aadbe03,0.254941023711567
ck_7e6569a1b2455cb0,0.5260494355169452
ck_de2924955926d046,0.5095535793405905
ck_73d60b4630e3937a,0.3042015384015079
ck_805ee564bd35ef15,0.8341758938037738
ck_0d40961e47797027,0.42549832179732117
ck_f06d00a4f9c87d80,0.13490090299210925
ck_5ef50fb07b6737d5,0.11717913668174348
ck_16541fc15683e21c,0.5903683196366013
ck_09fd43f1b7e2eca2,0.16563985364576922
ck_2a2c336a69b8d68d,0.7117012860883118
ck_2685f38930866af0,0.4311626941171282
ck_298278a9da874437,0.5621933550157153
ck_00bd7803f2530c68,0.11308921283071191
ck_c2b4a1d8c0b6c1cd,0.11926574158279962
ck_2acb54ca20c3af6c,0.24945327859332483
ck_e3d4b6f681c783ab,0.6653882751996107
ck_f90293f1eba5d7b6,0.8375040674813761
ck_e69d27e8965df0be,0.019698867828501235
ck_b7f5d10b427346ad,0.4607159552400235
ck_1ce20e4223a936b1,0.36703790726877844
ck_6b97d1ab90f6bdeb,0.1315400670628129
ck_e30e17db5473c7b2,0.5733483100101443
ck_154c8efb19dee665,0.5145669822657923
ck_6f5bb0c930644cae,0.9987116665764942
ck_9e17699baa83d173,0.2991104239439955
ck_9693b1eb70880205,0.6683662671861004
ck_1e97899875bb427b,0.31408068048686677
ck_558a82590f65df69,0.026167086047773905
ck_18df83242ff3cdbb,0.9544573246616148
ck_80ad4396e1084c68,0.7515695378881897
ck_0a993bc947bab61f,0.9172975041565677
ck_5c2d43ff841632f9,0.2350538467752214
ck_6e4b99fb9725d9fa,0.25537438123086575
ck_e0983999ca26c19e,0.8100056721112197
ck_6573c4947cc8607e,0.6201192148175046
ck_d879d645d6e44207,0.2767579406869224
ck_1375ad9f10688e4a,0.46418160276595954
ck_7501ebbf4e21f160,0.3901985922055511
ck_ca60d61cd4dc3bea,0.30709985994916833
ck_ab9ea095a5c58b4b,0.5812304116508045
ck_23756522b58df5d8,0.09335959086079346
ck_90bc176c43d85fd5,0.8472586930054633
ck_908b663b2dda94ad,0.7109838145572752
ck_4df2fb8e4b649e27,0.3899566659252445
ck_5615c6bbdef05291,0.8481637244074871
ck_b62f3e3185251f71,0.2377042740882732
ck_38d1a22850178f33,0.22923612937550908
ck_5b3ba20c8bb1383b,0.4279281308827476
ck_5576ffc6aaf6f22c,0.24964060324857185
ck_cf7a022178165e56,0.274867630666676
ck_f2c7a4c50e2ede96,0.5825727123775044
ck_285719c77eadf915,0.1780275325747553
ck_f2aa1b677619ab19,0.3206686965108079
ck_3830c58d841e9e69,0.914286741536719
ck_32eba3510c8eac5e,0.7044842064938914
ck_8955d7b9030d5eb5,0.6108998438175617
ck_6775e387dace7525,0.5621634170589282
ck_0a0cd7f4be606a93,0.7451806426296192
ck_a9f700eee5d638df,0.7697544270898882
ck_3d7db96995745472,0.49057149700982317
ck_aeed557007d52e9c,0.20480559747062285
ck_79b6a86830156b5a,0.11689916215318266
ck_6a1ff9d69466181c,0.9985945473071659
ck_f11b1565f986f5e3,0.49308103439932915
ck_4819327a78615485,0.417367336540017
ck_3ed9e081959b2f5c,0.07748635193680087
ck_16af4be191c47d3d,0.0841120449953397
ck_25122cc0e8b1a662,0.3055894804247592
ck_509c22828d467ba3,0.693102532736703
ck_31109c899336348d,0.7884838589670968
ck_c51131e53baa59c7,0.1204085638146009
ck_cf8ecabbc61d3e11,0.24638441718583715
ck_eb6baff0f85ba936,0.570536150817059
ck_777669e2243204f2,0.9438740069136713
ck_ac0ea27e692acdc9,0.3029813236947908
ck_4c6ea04ce8ca9e2c,0.47852824740980343
ck_ca54b32fca7e94cd,0.34075138482982475
ck_4dfd8947f540eb24,0.3550439895311108
ck_95aff1fe27fb24bb,0.49090388292331766
ck_c7550723b90e5615,0.17672742223006616
ck_57b3fee69bdf85e8,0.021934240831814205
ck_f823407ace7ff064,0.7047339900206578
ck_a69084a068bcc8aa,0.6128760304718659
ck_c7b17f7b24bef5d7,0.21567632705824646
ck_7c4e588f927c27c8,0.2984270771353942
ck_77fdac602d0c6f95,0.6708650690103799
ck_e963d8525018d072,0.6692168857519749
ck_6e8ebaea8f7bffaf,0.04112464629919606
ck_aa42976a31cb7770,0.6302171694247309
ck_22c862a496008c96,0.9877113820288038
ck_527550dd15f38782,0.33655751667298883
ck_b3ab3c210e2c7c19,0.48007433946670736
ck_ed9c56fdb9f45ddc,0.9223950153174765
ck_b53281da70defcfa,0.31670222314182844
ck_03009b721568ee98,0.7559899813041371
ck_3d9afd862b3f4053,0.9181078401892854
ck_ad3c4be96599554a,0.1125613627865141
ck_d1c787c27d50af49,0.3756062609595665
ck_c7a9c7b2eef46a99,0.6392437275625714
ck_53036d3c6c74446c,0.7430232443382037
ck_1b1efbd9c0964c8d,0.6427506076426475
ck_d66f42a269d5c1ed,0.7516899619089805
ck_fefc49a2b8ad993e,0.1799794363669538
ck_8b3b874249adece9,0.7392247993051955
ck_193d9c87ad3f1dad,0.06517837368329105
ck_0c6a50d747593b7b,0.2541484364755458
ck_c830f3830875b47a,0.1354897530411402
ck_79e202f06d8dfe42,0.8915180619104519
ck_5c0fe988b8aa7fcb,0.8257239567428871
ck_a8382d8345f21e1e,0.12096036433558588
ck_8cb20053914692d0,0.4763905134287327
ck_1da2f69023ca4c13,0.06597857631688828
ck_38abb60995114f8f,0.7017324435151331
ck_f5791fd8fd8fd191,0.5735633436687733
ck_a4e6fc391b674335,0.8950963110139591
ck_bd771efb4a7e15d0,0.16232760331878338
ck_38ba4a6b6a292054,0.716906465420377
ck_f7a07283345a0dce,0.6389010767124109
ck_87dc484baaf5a23a,0.31529602536820167
ck_c84ef83489badbfd,0.5051124438859453
ck_a397cd64ec5d644b,0.21022482825389646
ck_7977135c2ff61e92,0.22992412323966038
ck_52174855b243a8b0,0.5941229949577376
ck_0f35e930d0614613,0.989348696120141
ck_b170a7db522a0d6f,0.7709283820461004
ck_7af748a23775bd54,0.8907120253062647
ck_52f641c9ee6fda70,0.3640934837902944
ck_c3719a30414bbb4d,0.6018351444182068
ck_2baf214ad6bc0dbf,0.6244085657811267
ck_8b39d8aacfdd72b4,0.6140326185780371
ck_d39b0152116203be,0.10632395074704187
ck_ed33f8a937f9c7c8,0.3624557342862597
ck_8ef97b55a5fd6ec9,0.11455972546361273
ck_8247f008a14bd1a2,0.21412905025603282
ck_f0d349d68249d5db,0.14637366245484096
ck_a544e766540861fc,0.8310699766202945
ck_9dfaca4c7c80b10d,0.8711304348329452
ck_7e5401c362b2216a,0.19371621030582054
ck_64ff60c073fdb6db,0.6321505928972386
ck_fc5ea49518e5d637,0.04393562175964876
ck_580f136ced341298,0.28110120623058354
ck_9cbef9bc95449dca,0.6272049559275032
ck_e475a3b8ba870a7e,0.02008652615309207
ck_97e94708bcf43563,0.11309062702224673
ck_13f03ec785cbdae1,0.23834061284440713
ck_152820d8817f478c,0.20001024437645276
ck_d20d4ba60eec9945,0.5341219091685284
ck_5c45968a805132e0,0.4692612399980296
ck_bebea2cf3063fb24,0.49118328909402453
ck_c3c69aefe7ea1d2f,0.6341914536514074
ck_02028b72f26fe855,0.4340936443507133
ck_dfadff70a58a9133,0.15309422612083667
ck_6482ed4491bedcaf,0.17893652605844104
ck_754cd7b4a5ae3f94,0.769322196531907
ck_3132857aec8485bc,0.11614548457415114
ck_7ce4ca91b8f9f1c1,0.13792638197542956
ck_41938582f4351772,0.6210331516740819
ck_f87d66946252476c,0.812400169147739
ck_8053f1879a9b4e43,0.5893284392577964
ck_93892e91387f5103,0.804539028240522
ck_15254db133b28371,0.8805705266480781
ck_d557b9feb241b3ec,0.0348290369939487
ck_71c3a8e4c12c989f,0.09314275604544692
ck_80e3041811033443,0.7888676893124686
ck_3380d60067b4634b,0.24674445024711567
ck_a9c2cdc758df8510,0.7741896415870253
ck_3c0031d7514da17b,0.49379499945944494
ck_18d214b1418be39d,0.6710485542110349
ck_7ce768407fd48321,0.5693822829271364
ck_7a50abd42298133b,0.27651941883428177
ck_2db10f987d137582,0.6736999960436987
ck_e077d004cd1d80ae,0.44281309820573994
ck_1cb6dc67f9a321b5,0.6813945007230944
ck_b864f64101149c35,0.9128977119306596
ck_9bedf54df9418e4a,0.48974479799568005
ck_c47e32c47f0e6578,0.9103523710903871
ck_71f382d5e338daa3,0.12702707028038546
ck_14b4bf7be6ac2b61,0.8363611796988812
ck_5c87eea1cc07cc92,0.3271738144393974
ck_5f445182829ef342,0.49259784050181155
ck_a5d7311291caaa54,0.4450673130659637
ck_b7df99aecef385e6,0.7059367896305506
ck_3327a0582407068b,0.1756634134441955
ck_08dba09fd7dab896,0.3736771362782098
ck_f4ec334be5266378,0.5145093106030069
ck_240f7f894c5a86e7,0.8480405988779882
ck_a9d994554fc14a02,0.01442774158269964
ck_13648cbd306eee6d,0.5985376462628097
ck_601edf9105b3c321,0.9947308914153866
ck_9527adac182abe57,0.9423600850382352
ck_4e0e80f5cc271bf7,0.09449577984278995
ck_96a89e720176b389,0.78632683642803
ck_63560eec94b76d2f,0.3187808085987399
ck_c9c99e5b19aeced8,0.12463083708507611
ck_bc32655ee5ed643e,0.14928501196616725
ck_edccb5a93b741744,0.22477975827144298
ck_f786cbc987b70930,0.11945360256036372
ck_0e8f26536ccc8947,0.5166394034117225
ck_b87ef4b98cfcec4c,0.2783962668412365
ck_1a9235812de4b2c1,0.4708645048479739
ck_d1ed88ea4211ba4d,0.04829000903627116
ck_a4ddac49657a4450,0.26490523754321205
ck_d9ffca35188e49d8,0.7822619025763047
ck_3db73bbe03c3d240,0.05381514807869121
ck_fffa0622344a36ab,0.08987329258074012
ck_148c28df51bba5e9,0.9616779920113604
ck_076cbc25c8f15fc3,0.9664587503995381
ck_e5ca550b39ed45bf,0.955970005778759
ck_8dacf3a2061ca17d,0.43171345801428646
ck_2d7394afd61643d0,0.2567077513242774
ck_e42206e91f6a1752,0.028875501820055997
ck_2f4f94827984c426,0.006131828440685468
ck_edfe8e90e8f4366e,0.07019760673728218
ck_646b15f753e5e9c6,0.47264654543744267
ck_66600620149c8799,0.0951567230714325
ck_4ff6fc70bccfba96,0.9312091803619444
ck_41af3729590c2484,0.18050524494200848
ck_920a48ba8c583e96,0.1925120056119352
ck_0253b3e7be021306,0.36873483063100176
ck_2ae6949246ea2648,0.15584895749928268
ck_db23a5100f338d72,0.48917372342695364
ck_fcb2a559474c3493,0.3364888255408462
ck_0a4d7acd2a53cbbd,0.2923220153453294
ck_c5d62b2b7a6f3bac,0.9701902132211069
ck_cf59f4fc0ea690b2,0.6383637359001684
ck_837be8126bb19250,0.3678049889893331
ck_58955542edee1adc,0.07850644237642329
ck_1b93381d8eea58d1,0.18761469256603688
ck_97b8e05d62abdc14,0.5700281394172165
ck_71a0d645744302a3,0.03621967066415896
ck_a7b57882ab66b111,0.06776055262294031
ck_65f76421be648549,0.38902940429741706
ck_b53ea8713d32ca7c,0.727800414137545
ck_991c4c924a1d85ff,0.9531794059030796
ck_8432ccec1a4ec7fd,0.9724071324927184
ck_64c1633297f43788,0.17930641700540267
ck_4291fd9c1161d8e1,0.5368872877993414
ck_5e98ed6391d9f429,0.622585018054015
ck_c7baebe4549fdbb4,0.6606830615700918
ck_6e67225ba59fa5ae,0.7261317056968255
ck_719602def4d35fe0,0.4974559116518107
ck_bdee7c86f5ebe81f,0.5328650323330133
ck_8de38f8c7f91961f,0.46275538107832237
ck_b0b5bf9254700402,0.4523317494427479
ck_7b55d9bb1a250d4f,0.3350616114519102
ck_3954b7b0fd1d6614,0.04959305620052644
ck_f29471fe7c818d6a,0.10123297070214586
ck_9e65a8a2f587691a,0.049065695628708154
ck_eaec5f1a83b66eb0,0.8895559024841235
ck_004fe0daecbe2c1a,0.14514487237488796
ck_d17653a4a2d4a79e,0.6120136959934244
ck_0dd417fcbf19e424,0.4407942342864228
ck_4c99a6eadea143e2,0.8016653450613496
ck_74d602c907ee9119,0.15726649284466557
ck_1aa87cb62acc0ac6,0.7321344748639169
ck_094974d75e29fb2f,0.7189343514819488
ck_5ef935ac3d4d3332,0.6375606803702357
ck_b26e4ae47c9107ed,0.9495690110839139
ck_396cea6f95186ad2,0.6844057575228224
ck_48446a9e8184c7d4,0.09329211088369044
ck_31e1ede23247d56b,0.8129510020450221
ck_7afefa349b960a3e,0.19748212235141205
ck_f5e02a3432571b20,0.7592526101979261
ck_64eefec062592c43,0.7038289840016625
ck_a1201284122c141f,0.5916607458568999
ck_1b34c420a4c85a95,0.24613228402016749
ck_d637a011332ba67a,0.08347818605908731
ck_99c0004d8b7079f8,0.5655695500305766
ck_948517bad569b40f,0.8435966919041606
ck_a28d6b1601b472a6,0.3596260700775563
ck_a0b4209feb31f5c0,0.9996486135524524
ck_d6d2c1f6dfc455b6,0.7618540763272678
ck_3f9e6d356d3dd3cf,0.29828264146961747
ck_d08e00c842b75176,0.3158335022921296
ck_bfdd232a7c5f2660,0.3713873131462307
ck_2cdad03ed069438c,0.6892405527984871
ck_42317c3eabd0a285,0.5455177148605148
ck_3eb73e56751c704d,0.5798004029837053
ck_ef33c04f4c9e3758,0.6032156812066624
ck_1dc23dc870f1773d,0.4043718475376513
ck_76091f357974a152,0.2486475890718725
ck_4d9eb75e8eee90fd,0.7410992080646914
ck_578f67e69e5d2cfd,0.5180257350312234
ck_3a8ce1cc724229b8,5.693220612775382e-05
ck_a96887f841e80fc1,0.6207985697390248
ck_d2d4a8f4a9f2c33f,0.2384809601319915
ck_11f85bc705dbe036,0.8336132927844002
ck_7429b3f87528e335,0.021718989568027702
ck_26df74feac7ec51d,0.4424530188211289
ck_c78b2638fadd91ab,0.5784422814801515
ck_7eaad325abe3b50c,0.34133080497653123
ck_fd44e34af620e606,0.46829266224577404
ck_f99738dff854e25f,0.04504112933768764
ck_1ffbce3a239bb264,0.09618662320151698
ck_96c7d52ba0a766ef,0.7460202343232735
ck_cb1c00c300af3f9e,0.7322277155343
ck_ec3d12848ced99f2,0.6726666288277569
ck_26cfd7c3c6c7bf69,0.7498657653447818
ck_7ae86b5a885affc3,0.7868221815912068
ck_3edaa94d28cd48ea,0.5606581472984407
ck_3209c530c9812e39,0.10842430403603598
ck_ea62ebfc1f04b49a,0.5806684718249318
ck_5fc90b4668ea81bf,0.21084505531235664
ck_95654593cdebd141,0.18013097767195238
ck_958c0bd61820147f,0.6616449962218158
ck_8440ef1386c07194,0.04488516367526838
ck_8cd1b68dd74b1375,0.8763024489888562
ck_c9eb4df91ff07f2c,0.770792042457382
ck_c29489366c01fe65,0.9821005347556795
ck_c965fd6bec0f0ecd,0.46458630298450243
ck_84c402b23766e1f2,0.40906520575508465
ck_181f3dae03b87136,0.7641339679028739
ck_022a8ae79eb28cf6,0.9897002717944793
ck_469c17407d17b706,0.5796029134862211
ck_1fcc5843f39148a9,0.03513973632380968
ck_5debd55f361b2ddf,0.28748760042607313
ck_28cb9b03e89263f1,0.05807933710738532
ck_f067470743d3c7a2,0.709617050812972
ck_d5d225ce41a1a762,0.2955556851204121
ck_15b4840922195ffd,0.25468932586650844
ck_6bcfa37c717f19f1,0.8473792176603734
ck_8d501a0386c66be8,0.8476974096753367
ck_1a9d6190c57ea7e2,0.9086159725919047
ck_c49832eabdac5bb7,0.2827580579403741
ck_b4331140b2e0d4aa,0.07702688427595353
ck_5efbea1befdefe1b,0.8624102287394808
ck_72ff52c4824072ce,0.7481918087081163
ck_ec3715add8bbb6e9,0.13389075949686524
ck_9822f8ed05335741,0.6091411244830859
ck_c3d7d3d12a1981a3,0.5855919170893953
ck_a115a7919ac5875a,0.3719704466402234
ck_4dd4ed23e0b927b7,0.8933633743471348
ck_4c76efcc1ee6762d,0.29250729454053115
ck_3ad6e7bf452c9b21,0.07402839853726097
ck_dcbab304b55a42c7,0.4360882266662556
ck_24b53090faf722cf,0.3111292729967939
ck_187317383400491d,0.41356241004325633
ck_e07fd57565c94c28,0.7274845381539777
ck_740e760fdcd27835,0.13109235924866217
ck_d3796aebda1cfed5,0.9466638577671996
ck_e541967c681cb929,0.7244553238671834
ck_431118050b834dcb,0.15185664613539157
ck_90f3655f0c8a0074,0.09692625810361147
ck_13cd943777651aac,0.37655787672997604
ck_66accecabf3901c0,0.6493176505728036
ck_937f0da2306b2eb9,0.5685991685785066
ck_105b0c93573fd5b7,0.5031010519445359
ck_00480407160e0743,0.3309479839293058
ck_e032068be7b77d15,0.7470643292849448
ck_991b7dfd69098320,0.044986827443120964
ck_37d47cf0f34574a2,0.4638471257695809
ck_011551a596544f5d,0.31387024765197985
ck_9acd98f4fe2d474e,0.7351495449862281
ck_7c88d3d377bb61bb,0.6022468682497464
ck_e2374c7136c964fd,0.44740798791778974
ck_2fa8f2577116e9ca,0.44877505158298514
ck_d07c5b0321c685ea,0.7715246635235735
ck_bc736114a31088a7,0.41958911220873985
ck_32bb42f9bff197f8,0.7317858688388099
ck_66267bbad1f1415f,0.9871264537831992
ck_19988702ccd79201,0.4111772291929733
ck_f473a03fbcdbc4b0,0.12661032702498898
ck_e3f1d85fa5d49396,0.41127046636097675
ck_c4402ea6291df271,0.6566280826014534
ck_243bd5ca8c4ae5d0,0.3368695798487573
ck_f271e855925e8d6b,0.893941260133573
ck_e424148c6f2223df,0.03758199010645748
ck_e4d0a9e1102a58b5,0.3655330699993101
ck_91c2a5fe69b9b1d1,0.5219727074824307
ck_5fd8924732fe403e,0.9396857269250198
ck_9a881d5433126ada,0.548627331521496
ck_73cab88b29c7845d,0.8793011444246512
ck_5b5dea6476d4e182,0.8455202558751315
ck_ccccb17d2ca6ce94,0.6202470968376413
ck_cd1dc68e441222b1,0.9518964958267565
ck_8312c49b1431a406,0.6130605006321044
ck_25fea39897f2a559,0.31416062747664925
ck_f56200205280bddf,0.6297458543595849
ck_7336611650dcc088,0.04421533594678809
ck_590716322ff147ae,0.48420469734070726
ck_c82364d87875a1a1,0.7244435869062934
ck_fa4b60387d744fc5,0.2866983435699273
ck_d841eba8906e9a15,0.5953923702428925
ck_d6df562a79b9d0d9,0.13018089881869258
ck_59a14d2564193101,0.1013001318502523
ck_8530158e3d7f59e7,0.29400230874442
ck_ac68d707006c12a8,0.7413304963406803
ck_976fac1bb3dd8c58,0.7344004741527512
ck_f854fba8f4adae3d,0.7039433492892357
ck_b98e9c3ec6e7d1e7,0.21552204300866906
ck_803c0b4cf9d4bc1d,0.4687340979136966
ck_76997a33c3ea5107,0.05636718825756412
ck_f1a9d832b700bda1,0.982918349913073
ck_2bd96ddb8c323d63,0.9928587714563584
ck_9e5b7acf51b1b743,0.8171676259914413
ck_09169f22194fd6aa,0.7650737028106661
ck_6d69e092f9b0848b,0.5048257269276002
ck_9f83fa5a2d3b9049,0.3921442610204
ck_57bbb19eecb4b87c,0.15524309660045557
ck_e0e9cfabb979f428,0.1973957880983295
ck_b1ff9edc51d42f97,0.48574905977171656
ck_4682fad271d47eb0,0.9715907544719142
ck_ab33fb754c818ae3,0.26450306580409455
ck_b456f62b80e21557,0.15691563493071642
ck_16340be3f2a7fffd,0.059676932249967576
ck_ce66831f6611014c,0.28262994404048764
ck_4610a073bb54d1b1,0.8559603477355378
ck_fd038a7d33a9d6e5,0.3868612896149153
ck_c8198cb4c461304f,0.6119374450263495
ck_1e7de58822000dea,0.33194221483021713
ck_b2a79dd3df560f14,0.7130179465320983
ck_74a06f347b32347f,0.22924014673834964
ck_c6fdb2972417c9bd,0.2732082547592671
ck_d7607a213b800bfb,0.5045967348644776
ck_df65967b8b40319c,0.15279477072946002
ck_329a73dbd585ee09,0.23921592104052117
ck_74991a9e85c3b07d,0.3665317077386181
ck_bb76609b79e0bc9f,0.6618017120932039
ck_f7fc1bd0b9ab1fa4,0.7125885653265758
ck_d111c98b36bdb791,0.10009988990291838
ck_f07e27d125497b66,0.6775650233001853
ck_093e3a7134e11d6b,0.26739885527706453
ck_862c7953bdea48b0,0.3191436002581462
ck_392cf2cdd515c34d,0.4633971829826833
ck_80eb91b0b4001084,0.7587112872286947
ck_5923f53b77193a58,0.8929018123860035
ck_8049f5fce32be185,0.9460816196351578
ck_ebc5a2c6cf88e252,0.4009822526371547
ck_9ea5872f14cce338,0.3585203447474894
ck_f7fbc95ebf584379,0.3432221476501603
ck_bafe82c870356706,0.9894658411561699
ck_278b36c5932d9bff,0.0847569694728071
ck_6a892dd5d05c1649,0.7751119410206617
ck_0734fd90b2cabd43,0.6906863537055652
ck_9b552204498b6762,0.5116453596427241
ck_f6c909c205767956,0.5114901690957514
ck_32f590e87bc3d715,0.25095793998828325
ck_66a8325f28be7562,0.7904090527131494
ck_b129261da9c3c3c9,0.5942025284346248
ck_a524071c51ddde20,0.1832504236911131
ck_ba576d6d4cb6130b,0.8124888061051903
ck_8d8226520722af78,0.8533264222103448
ck_c5b0f0d4f1655a20,0.5040980052911531
ck_61814ae9b6d8eab1,0.27673717350532145
ck_382ebf136f7fa337,0.915560297014411
ck_423ff4ede6a9f066,0.6221358761854704
ck_546ad962d04b7de4,0.9867755776943565
ck_9473ea4a01c95f9a,0.6749644594951422
ck_9eb1da8cd35a50ce,0.17200563059757934
ck_de5eaa2cdbcb67ff,0.7600230784471155
ck_537cc97d0398c922,0.825495674093496
ck_998475a2e4dfad4e,0.5107731297226243
ck_e62eb708d2688fae,0.17946400075506308
ck_ea623358f704daa7,0.851254151602961
ck_b911a09f328dfd4b,0.21148241807286774
ck_4b3506b624e5193c,0.6415343930774609
ck_448456f96788713b,0.7240776697156406
ck_5d5ef9e75f65d076,0.8731952017458646
ck_3b74512f774a6e5a,0.1532023138464922
ck_a032e8ac1507c6df,0.9619113335227161
ck_7e2d6b22a0ae20c2,0.5831282963342991
ck_d80283209c963f11,0.5736054227043582
ck_d1157eade2ac3975,0.7298434982354647
ck_be48f583f79427f7,0.14820675809271444
ck_0027b5d4107d65d8,0.559462289928865
ck_94fff69584dd3b2a,0.6647892678642917
ck_75fcda73f0b43557,0.5995971230878709
ck_a1c78972e4ee4082,0.8444937606428164
ck_f0982bbdbd122f91,0.24677806082664183
ck_3199b471575aeb3a,0.06515356453134599
ck_7fa947a0b1c1cf74,0.8730794567390436
ck_a60c618b7f0e4252,0.13790494645443108
ck_722ac47c8ac9b6c3,0.9028380518758514
ck_d44dc3839a195c8a,0.7218797471192628
ck_a2c3e82fab520483,0.7158256194691361
ck_6f8ae0319c07cafe,0.29444808554001084
ck_49886ff1e2c759d6,0.507322100089448
ck_150a1108f936e6b0,0.2769482082743093
ck_e21f9f96f597695b,0.5677292886780706
ck_7297bff2b7fdcbc8,0.046782239602781356
ck_ee949c71f4f702eb,0.9877115337310671
ck_6fc37dea4b4f35c6,0.8459922718717967
ck_e76257caa98dc25d,0.9735742198624573
ck_828eef2334e17b3a,0.7538772081559961
ck_604e1b8a8c693aa7,0.32048371884486926
ck_7743c9fe037d1f9e,0.8728593998804831
ck_864a11202e19e812,0.8727382884844046
ck_4ec040b9e3785e4a,0.20675683798487476
ck_7346e4f820d9c00a,0.963426542780804
ck_48d4d63beb26b623,0.5630524037782506
ck_c423aa6de3ed1e01,0.03269585538708608
ck_d74b2ead8aaa3f73,0.40410075063397144
ck_1dd69a11daa7bf1a,0.635566466664417
ck_d9143e236eef177f,0.5187479706493443
ck_f790d91e5ff0eccd,0.9021418248819019
ck_69b5620e00ef5dec,0.11428961952014693
ck_cd32e58e8a1c0e85,0.4752191009339459
ck_064013b0957d87a5,0.9974235481170299
ck_a481385c2e60dc4a,0.8586143994393844
ck_d72035cb29db3aa4,0.5361517095439351
ck_3759939a0205306d,0.38447766580399323
ck_f437a53fc832ec95,0.9152151689504706
ck_260ef2f3e6434819,0.48122369562709594
ck_35e411b05d22f663,0.42757841185549117
ck_8bf46e472f3e20de,0.8871426370298312
ck_d546994fc5d3e9d1,0.6774049413849059
ck_6ff0fc7487e737e7,0.9179923077171094
ck_5c67f27816ae0b6f,0.4764361674925357
ck_c5517923458106ae,0.16591696067272182
ck_d9735647a6b0b0a7,0.9008701848100149
ck_541a734fc457246f,0.49866308550469374
ck_2f6a639468f41043,0.010101731517255704
ck_bea2cf7a6b7bb900,0.3243151699684923
ck_7eebd0e6ad6c070e,0.14404683795762374
ck_b64c87d5e3b10e6a,0.9713572858791899
ck_9dd7daacb7833233,0.2769957696738372
ck_396e9ea9a6c6d7d9,0.3782564463328281
ck_1645e6cc53fa99ff,0.523834279355411
ck_ea2a83ccb8d57490,0.031741573083965455
ck_e64f0df63e1be595,0.7250530641059774
ck_fa0b234481cb57d3,0.7002396663214887
ck_63379e3c9fe6f711,0.8431127458009129
ck_c67f7944896a0310,0.7370783268388885
ck_c10e54c9db29e6ef,0.9748599693025779
ck_7184ad7709ae4c80,0.1799371338035074
ck_f8b6069d7577fde6,0.30392025982848436
ck_18444be153bac1ca,0.9496845944666645
ck_d0982b4e0e118e4d,0.5952246264349401
ck_6faf3e6820398866,0.5525194031778686
ck_97e980463aca4644,0.3136969835127717
ck_630c835243c66b19,0.9810486046721335
ck_fe429ba3e1aa0e4f,0.3686232353578309
ck_1058129ed7b48c59,0.6158894334180682
ck_04a1a46f07885296,0.3410213321870401
ck_f01e94331067edf6,0.44536429092251895
ck_77b2fb17c29f5e72,0.6276148400602999
ck_4f0c5857da45fb28,0.7885985583126436
ck_2cfb9a7775e8a5bc,0.9615614980662976
ck_6846100e43659bf3,0.39042479037556727
ck_f89719a854fe11d7,0.4087559838903156
ck_bf47375e41ca3bc0,0.29175874018075887
ck_2770b0400a7bef08,0.8778000202091615
ck_2a09d142de1c77ff,0.2547662376623976
ck_857a1f5547b9ad68,0.6565419322647115
ck_185f15b1523bbcf4,0.24152171164996666
ck_ab2aed614ec1cdf8,0.5735688058781008
ck_a9e7f3b2d5dfd97b,0.148622330363733
ck_0eeb3d9b3e697edb,0.2526882828309027
ck_fa5830d81bc8ddc1,0.08325757849442207
ck_231ae0329ebc3220,0.08865300969247415
ck_1587763dd54688c9,0.2116110274422761
ck_9f85fea4490c00cf,0.4789212449302054
ck_a2d709e7eb91e4af,0.5414958259131044
ck_43637d28c7216453,0.19362862299844164
ck_f3ab5dd853d38252,0.7123221242954779
ck_4a1f0172d3bf4fd3,0.6058867587627379
ck_517620ca16505af0,0.34875589753661423
ck_9ae904fbef56065c,0.0219114939810498
ck_d5ef1f6e34bb35b8,0.6265291266854751
ck_ff42557857ae3aeb,0.12014471617271258
ck_ad9a18f58589faa7,0.09243132593212808
ck_df1a6edaa3e6b271,0.051620895986391566
ck_99021fe7225b5a68,0.8482930938428206
ck_99e52c3c2530b69e,0.9844374690771833
ck_3a4811dc4a1a891d,0.2556801177440008
ck_ba3a6be026c87079,0.3244762501924926
ck_da6d1e5cf6aba6fd,0.1012068431080206
ck_ddc7c1f3d45fe6e6,0.441772225897917
ck_e1b1e7a7e4a15b3e,0.4357156062177071
ck_8288f7f226e08b89,0.010740109760953485
ck_c4524993ec31dbe5,0.023865088292582083
ck_8b19bb5b23b6741c,0.6495304085524061
ck_d21b38231a8a9f4a,0.8843664586905502
ck_3f730318a9792292,0.1863244325867057
ck_a4db6e94a8f77f9d,0.7373762354982417
ck_a8cac8d480306839,0.12569585089842286
ck_5472214011fbc2a7,0.019150975126750392
ck_7356f47dbbbe7904,0.47140086239976936
ck_16801e628e883d78,0.2125299165897992
ck_0dc1e536231c4860,0.2321410007469802
ck_7cd0634a6e60af83,0.8582511379796838
ck_ef6f8e048ae1bd4b,0.23316075882395343
ck_82f3f744209888ac,0.5355776037077884
ck_f33188c232a03526,0.8544742623775795
ck_4a59f4e10bf45d7f,0.029515493759133246
ck_d96c893721385e4e,0.2569344152449186
ck_f65ab819373edb37,0.29999578637112234
ck_21cac21fc10b7768,0.15493969371859936
ck_139b54e6ccbdd7da,0.7632287157437303
ck_d6f5c8741697abb3,0.49258651886717186
ck_a28d9bb5590d458f,0.7764306220365351
ck_ed26d906883bea0a,0.6908921065450007
ck_227602ad072b838b,0.020919967044560145
ck_39d5f6c17c745ab1,0.1377963722159118
ck_744eade757ba69b5,0.8311060825807121
ck_c1295d97cdf35ec2,0.7143688241183878
ck_69105f881da3c821,0.3341657642968118
ck_933789b55361d7c1,0.9281928628254381
ck_b667952253503174,0.21958906612482776
ck_7bf668e25abeeb05,0.2798208891616369
ck_91742711dfdffd56,0.5995413615414894
ck_af32a0660090dd68,0.5365140080535236
ck_2122f201e65f76ee,0.3587187300009349
ck_f48acb73a5d6af07,0.8151130284242203
ck_337c5684510cf432,0.6647145967649937
ck_f7bde7265053364d,0.18121157194725
ck_c190c7b924edba75,0.8488549069138873
ck_044fa3b3a003f0b5,0.3815126862975512
ck_87eb43e3b9d96169,0.6138259783121849
ck_2d3d6c9364362017,0.023843141957096248
ck_ac55dc6cbcdf8228,0.4221311339860765
ck_61d7b0568ec5d6cf,0.359210123488509
ck_89c74feeaffa7d09,0.2116831468873034
ck_93776b0c113f41f0,0.7806638732927054
ck_15e0b679931f7a8d,0.14917095232183786
ck_77b56c49cfdb1d81,0.876072189561086
ck_73188a826b5f499f,0.1813564951944267
ck_4f463ef25325ddfa,0.9037599778027905
ck_863db2e394dc47d1,0.9694904219564231
ck_d52432ed597f3cc9,0.6191824735641211
ck_04fb61e5739642f8,0.8212762065989045
ck_2e481d75d110c06d,0.8934791771712607
ck_3fa1a523d77cd619,0.6659652218582073
ck_466dc6274fecd708,0.5455724765928526
ck_e1790b3aa2241b10,0.9682081993339169
ck_84ad096a46e1a960,0.6407738584008085
ck_3be72c9c178fa00d,0.8243758004997797
ck_5a17c89219d1d9fe,0.7529535755853399
ck_4f639f4ee6ce8d9e,0.7402134818112696
ck_f4ec4a935e51b4db,0.7269201790492046
ck_f04040a830f92bac,0.6895435419136982
ck_3e4d02a04be2aaf8,0.7213142288182446
ck_4d1baef193cfb900,0.4471727563386935
ck_0fb3153d37626b75,0.1871925537443127
ck_88ec57a11b11f702,0.9768431994423571
ck_dca9dc465f759db4,0.45858504851924453
ck_64f5fba6af67e024,0.18063340596269506
ck_896096cb167254ef,0.6114682377596337
ck_7878679065876b98,0.6077205341840024
ck_fe8e5a6c880ceb4e,0.13117643863908524
ck_a5e036327d3d1862,0.03287773905356038
ck_310f73940fc4cf4f,0.4040249042185751
ck_46a8db16ad00b749,0.529929619096644
ck_0d33977c3de8cfaf,0.9989458872023127
ck_c6fff412f531db0f,0.03333341402817423
ck_bac6dadf428eaea9,0.32443062515946663
ck_1b96d9af0d7da2d5,0.08585559806583584
ck_fa8a4a9e77799fcc,0.310282755833553
ck_0bf48607a874b4d1,0.017268363886225522
ck_eeb75f8a6439f65e,0.5285218070819844
ck_a209a5f7d172125e,0.6139872092389772
ck_8f346b72fb40bf14,0.2989528520661616
ck_bccbf9fef367f00f,0.44449326339472395
ck_2d1548f1ee405cc9,0.38146788773402673
ck_e8298ff2dc1e9d50,0.3357422784194199
ck_77c0fb524edb4a94,0.5450464312670791
ck_28ac4c5134cb8e77,0.499335215350124
ck_db23a0e3e54be60c,0.9386411740604377
ck_a059d00cee5cee99,0.19534204918597453
ck_3e9e3bba8bd363af,0.1720062791412347
ck_0428728df24cdab4,0.4124944540620913
ck_88cd35378075c84f,0.17108144815373155
ck_0174d76398d9dc0f,0.7768516666756651
ck_3f1287e6c27de0dc,0.4300271481835428
ck_ff822700f3605e06,0.9830348254585447
ck_4563227b2038ae07,0.7557580789746876
ck_788e78065526ee19,0.41108414642548774
ck_8a16eb584093b12f,0.49119186076052346
ck_cc276f71ab6c08fd,0.6128771406442945
ck_d61d97b21002f3e9,0.8982159342569356
ck_4b2e87d86a5e415c,0.8464434023587584
ck_3e6f35e4500d2f2a,0.09929968628936572
ck_3acdb083e0d8ad61,0.4153670099795084
ck_cd655202db489010,0.30934302068727204
ck_829cbf5ccda481ae,0.44924952843264765
ck_f5882e6f98b8b4cd,0.010490873215561155
ck_767947540b234add,0.0837409639307419
ck_a6e8e8f535b1f1d1,0.37590985232822616
ck_58412a2674fea506,0.5115240556745004
ck_fae7e518a585fa61,0.5780464819822757
ck_9c60ae6958d68dbd,0.8434567892843058
ck_328696b8f5e54ec6,0.835348758087283
ck_7df3f8f4f1068d62,0.5218421700353885
ck_cfadd21458230ef7,0.4361834919878925
ck_7048bedd554c703b,0.33436962408400855
ck_50422466f145bfd7,0.15983493257255993
ck_61e1f7168cd9ff25,0.6191429766496293
ck_733aff0f56f5b3c9,0.2533543924487321
ck_e14892e424180549,0.07705411903101918
ck_03f6664a96de7d0f,0.5944810008043985
ck_b7f4baa2cc82fe61,0.30937540256667856
ck_1e51199a075ca0fa,0.29729240219669906
ck_0e70516fa07cfb17,0.9572534091004583
ck_0f37c554a5057801,0.9332983339024521
ck_5576b725de38d106,0.5434701753186026
ck_82f360df1e9f4eb8,0.7745331562682153
ck_395f3bd4aacd7ca6,0.0847166305334212
ck_5e8e857b63966609,0.8926855933075191
ck_93470896f0804b6b,0.9571344902262238
ck_3be854e42e76569a,0.3412732797982797
ck_0567302c57a2417e,0.7302848763508019
ck_ee535461b5f05539,0.9582992926064756
ck_94a096c36162a153,0.19314995685765768
ck_dfc8f5c141fd7c63,0.7055536899053255
ck_98b34f2d704c1c2a,0.08783009571919807
ck_96dff7a09d45f116,0.6862128510172627
ck_79557434c129ba52,0.2601127032826069
ck_4596624a7c01d501,0.16698249638021398
ck_04e89fbd739243fa,0.03741489156287874
ck_6149ffaf18872dc8,0.18282069148084343
ck_cd78f0832a09bd8f,0.9336466341494088
ck_7e29c10d781c3b41,0.7526315665928677
ck_1f7ee7b23fc6f2f4,0.20173359993694573
ck_c49b685d2b3ab89a,0.17789276922939684
ck_84569a8fc50e73ac,0.38644645727759536
ck_b92b11d205af91eb,0.015033325634488434
ck_06280e6d6d2485b0,0.039429890583876054
ck_3c08546dd0c92863,0.21734537145919489
ck_99d3983f907828bf,0.18022841233282977
ck_eccfd552aa652d3c,0.15713806802694877
ck_0cff8153881875ba,0.7442887637687189
ck_c1aebbeca6ab5ff9,0.22034855769937453
ck_538fdbbb3c2bcbbb,0.7727911242863879
ck_8c0210322733c718,0.25416458967974837
ck_0b0c93039f987abc,0.19908015496240172
ck_6d07d6d1bd227d37,0.6643960324871748
ck_9b6ee35e8cd0b11c,0.3627774446369959
ck_d838491d3d4f5ecf,0.20713449704083092
ck_0593ae243a9ebee9,0.5513241670108566
ck_ef261fc09be8eb0b,0.1938688078784825
ck_d0935b571a4a3868,0.6211460028360571
ck_97d04a67a104af39,0.6342265338926314
ck_e25f70d0b7229420,0.5882900850383292
ck_9b71274ff83de482,0.9678582215545264
ck_6de2aa2bb60978d3,0.5004410158940416
ck_eda55c8fb47593d7,0.22287085831686923
ck_924e572517515f19,0.9418935378103945
ck_d6f27eacbad310f4,0.44804073278449175
ck_8550f229b5eb03ab,0.19989967507114909
ck_e3e95546a84d0ed8,0.14945087392024725
ck_3135c019696ee6af,0.9813987702538702
ck_41ba315d8fccb559,0.28049116749771197
ck_72b86e4485da2d0f,0.9771935171585793
ck_daaa995f3c2f0e47,0.5199001777861888
ck_053746067839696b,0.16175876964122549
ck_a15fe7d0f4b65c33,0.9475910083168081
ck_15de11438732bb05,0.05468434745525448
ck_2c4d25acbe3fabd9,0.07856917992290513
ck_7f08078908599bd2,0.8725101198672973
ck_e794741742fb2619,0.06328810122064905
ck_238e53b6dee8c301,0.140941015294162
ck_53a6a33060d5c8b8,0.1676890535342834
ck_0e0919292ad33472,0.9831517432417196
ck_d86ccf148c06c8c8,0.7965550209664337
ck_c881f26c9bf9ae42,0.905609226777297
ck_4b0947bf94e9d847,0.7768015480068753
ck_e10ff5c38bd18470,0.5411202603597645
ck_b60de9e97aad9e45,0.9770777895456697
ck_190bc849e5ff5401,0.6501422878068113
ck_e7be077aa0b2632c,0.177249694301757
ck_a51abde881ebeff3,0.2216165680770408
ck_2208392a9f6bd249,0.7929174951684024
ck_0259da8f109017e9,0.24472547077051826
ck_05e01ab9c95449da,0.28666003646183025
ck_c82897ebffb6ae66,0.1256362990828528
ck_b4a6bb4689cd7cfa,0.5024980461561519
ck_9e21ea33018ce538,0.48848625847113647
ck_caa348f0e65db062,0.966107964716928
ck_a964e6b5d8415334,0.920888982903252
ck_510bfbbee37ff436,0.6286766193466498
ck_9741a82faf5c7889,0.7847260759713022
ck_e7f61b4a39ba98ac,0.3516218067459327
ck_069d158665a53909,0.8141979513692528
ck_6426427efe3228af,0.35497682368023625
ck_ab4a8d02ec3c0fd7,0.02355038235583472
ck_aefa0d8d933e0eca,0.5759375704762983
ck_232325ef6bce92f1,0.4619462118495493
ck_14e58c3fb26a2b4d,0.618039663259052
ck_06e73afdec26aecc,0.8213890183072587
ck_3168f4f2778d64e1,0.32303176590245364
ck_ff3998d6858daa21,0.05281314514190452
ck_bccff46fb0868454,0.8431148246611926
ck_c7d444d90fa86d7c,0.9011010056305322
ck_f0bc3bdee6bfbb94,0.08171502436233766
ck_f7112818a6d81422,0.8392247307462775
ck_aca35dbcb835ad02,0.610849048095498
ck_f637fabf0f60528f,0.8160219532905184
ck_53d17ab97de1ac3e,0.20233969360114168
ck_c8c1bf16d9113493,0.6961057558204193
ck_e842fb0cf055a83b,0.7329957800748627
ck_93c0cb3dac4891fe,0.023714043841110546
ck_0c1f088e17e46daf,0.49722167735385703
ck_8f4b384955bf57c9,0.3363359337996883
ck_09cd5c4df1e81ac2,0.9163749542884936
ck_1e832a5b2342554f,0.17930183662426524
ck_2cb763a881aee27f,0.057854612783996937
ck_5875828b11406398,0.3869312394613731
ck_48e84b0cb0b90fa7,0.1196453705154621
ck_833688de8629c5c0,0.25675737770530704
ck_117d78ccd5820f36,0.33281288436463796
ck_668ec61c4c39cae3,0.2786328154912102
ck_73a7794b659d7a34,0.30796690274979727
ck_10f90d879209734f,0.444536418743224
ck_d1d079913aa158bf,0.5274573395172759
ck_01c631b38e8a9535,0.5500608275939041
ck_f6923088c17a04e2,0.6515219695154499
ck_b447badc9138987d,0.1266734365794181
ck_8b772caed8f1541c,0.2589946173112457
ck_5403c76fe68a08ba,0.9135926303895985
ck_3e6833574edf1736,0.589362888045025
ck_e527fbb9450a4581,0.9620275991148224
ck_cc90e219f1ebf390,0.02963719332990414
